cell_id,layer,lens,finding,evidence,consequence_class,naive_ai_failure,residual_unknown,confidence,blocks_autonomy
L1-Imperfection,L1 Software/logic,Imperfection,Legacy decision policy is hard-coded and incomplete.,src/ot_command/legacy/risk.py: legacy_rank sorts cvss only; legacy_recovery_ready(backup_status==CURRENT); legacy_isolation_recommendation HIGH/CRITICAL->ISOLATE; tests/test_known_legacy_defects.py 3 strict XFAIL,authority,Would treat ISOLATE/CURRENT/high-CVSS as correct because the functions return them.,Whether any plant copy of these rules exists outside this repo.,HIGH,YES
L1-Inconsistency,L1 Software/logic,Inconsistency,criticality is used in scoring but not in ranking; package version disagrees.,legacy_risk_score uses CRITICAL 1.15..LOW 0.8; legacy_rank ignores that and sorts cvss; __init__.py __version__=0.1.0 vs pyproject/api/manifest 2.0.0,authority,Would report a single 'risk score' as if rank and score were the same policy.,Which version string is the product identity (OPEN-010).,HIGH,PARTIAL
L1-Friction,L1 Software/logic,Friction,Defective policy is not even on the API path; humans cannot consume rank/isolate from /diagnostics.,api.py only GET /health and /diagnostics; diagnostics.py does not import risk.py; CLI command=diagnostics only,authority,Would invent an orchestration layer that 'already ranks' because files exist.,Intended wiring of legacy_* vs diagnostics (known-unknown).,HIGH,PARTIAL
L1-Complexity,L1 Software/logic,Complexity,Diagnostics collapse many failure modes into 14 integers; UNKNOWN is treated as fail.,diagnostics.py: quality!='GOOD'; approved_window!='YES'; mfa!='YES'; backup_status!='CURRENT'; 14 keys in VERIFICATION.md,cyber,Would treat diagnostic counts as a health score and auto-ticketing.,No per-record uncertainty object alongside the integers.,HIGH,PARTIAL
L1-Volatility,L1 Software/logic,Volatility,No versioned rule registry for multipliers or isolate thresholds.,"risk.py has literal {'HIGH','CRITICAL'} and cvss sort; no ADR/prompt registry in src/; docs/07 changelog is packaging not rule history",authority,Would silently change multipliers in a prompt without eval gates.,Who may change ACTION_TIERS or isolate rule (OPEN-001).,MED,YES
L1-Uncertainty,L1 Software/logic,Uncertainty,"Unknown inputs get silent defaults, not an uncertainty flag.","legacy_risk_score .get(criticality,1.0); ACTION_TIERS.get(action,4); diagnostics treats UNKNOWN as non-compliant",authority,Would interpret default-1.0 or default-tier-4 as a measured decision.,Whether UNKNOWN should fail-closed vs fail-visible (OPEN-004).,HIGH,YES
L1-Hidden Dependency,L1 Software/logic,Hidden Dependency,Isolation recommendation does not call requires_human_approval; diagnostics omit process/vuln/safety joins.,"policy.py unused by risk.py; diagnostics.py does not read vulnerabilities.csv, process_units.csv, cyber_alerts.csv, last_restore_test_days",safety,Would assume policy.py 'protects' isolate because it exists.,Full list of files a governed response must join (SDD-08).,HIGH,YES
L1-Unknown Unknown,L1 Software/logic,Unknown Unknown,"No PLC/DCS logic image, historian config, or SIS application in the repo.",src/ot_command/ has 7 files; no ladder/function-block artifacts; README synthetic/local only,safety,Would hallucinate controller logic from asset_type=PLC.,unknown-unknown: plant logic vs this Python; do not invent.,HIGH,YES
L2-Imperfection,L2 OT systems/protocols,Imperfection,Mixed-generation protocol set including serial/vendor and dual OPC stacks.,"assets.csv protocol: PROFIBUS 223, IEC104 215, IEC61850 210, OPC_DA 206, PROFINET 204, DNP3 201, ModbusTCP 199, EtherNetIP 195, VendorSerial 182, OPC_UA 181 (n=2016)",cyber,Would assume one OT protocol adapter covers the estate.,Actual protocol implementation behavior (no PCAP).,HIGH,PARTIAL
L2-Inconsistency,L2 OT systems/protocols,Inconsistency,Asset API contracts disagree with each other and with the CSV.,contracts/asset_api_v1.yaml /assets/{id} assetId/fwVersion/operationalState vs v2 /ot-assets/{asset_id} asset_id/firmware/observed_state; assets.csv uses asset_id+firmware+observed_state AND registered_state; neither path in api.py,cyber,Would merge v1 operationalState with v2 observed_state into one field.,Canonical contract (OPEN-009).,HIGH,YES
L2-Friction,L2 OT systems/protocols,Friction,Observed paths that are not documented.,network_edges.csv n=3780; documented=NO AND observed_last_24h=YES count 779 (VERIFICATION undocumented_network_paths),cyber,Would trust documented=YES topology for blast-radius.,Why 779 exist (mis-scan vs real conduit) unknown-unknown.,HIGH,YES
L2-Complexity,L2 OT systems/protocols,Complexity,13 asset types across 5 zone labels.,"assets.csv asset_type DCS_CONTROLLER 176 .. VFD 130; zone L3_SITE_OPS 426, L0_FIELD 420, L1_CONTROL 417, DMZ 377, L2_SUPERVISORY 376",process,Would flatten to 'OT device' and lose SAFETY_PLC vs HMI.,Zone labels are not proven firewalls (OPEN-016).,HIGH,PARTIAL
L2-Volatility,L2 OT systems/protocols,Volatility,Firmware strings are highly diverse; backup_age is old.,"815 unique firmware values; DCS_CONTROLLER 162 versions / 176 assets; assets.backup_age_days p50=211, >90 days 1581/2016",resilience,Would treat firmware column as a current baseline.,CASCADE-001 '6 unknown firmware' set not identified in this file (OPEN-019).,MED,PARTIAL
L2-Uncertainty,L2 OT systems/protocols,Uncertainty,Path approval is often UNKNOWN.,network_edges.approved_path UNKNOWN 240; approved=NO AND observed_last_24h=YES 168,cyber,Would coerce UNKNOWN to NO or YES.,Approval authority for edges (OPEN-001).,HIGH,YES
L2-Hidden Dependency,L2 OT systems/protocols,Hidden Dependency,Gateways and edges that do not cover all assets.,GATEWAY n=167; 53/2016 assets appear on no network_edges row; edge endpoints cover 1963 assets,resilience,Would assume every asset is in the topology graph.,"Whether the 53 are air-gapped, undocumented, or join-key errors.",HIGH,PARTIAL
L2-Unknown Unknown,L2 OT systems/protocols,Unknown Unknown,"No packet capture, no live protocol decode, no serial-bus trace.",Only CSV protocol labels; VendorSerial 182 on assets and 344 on edges; no pcap/ in repo,cyber,Would claim 'segmentation verified' from zone strings.,unknown-unknown: real conduit physics and serial plant buses.,HIGH,YES
L3-Imperfection,L3 Data/telemetry,Imperfection,Large BAD/UNCERTAIN population in the historian-style feed.,tag_telemetry.jsonl n=31224; quality GOOD 27130 UNCERTAIN 2743 BAD 1351; diagnostics telemetry_bad_or_uncertain=4094,process,Would plot raw values and alarm on BAD as if they were process truth.,Root cause of BAD (sensor vs historian vs generator) unknown.,HIGH,YES
L3-Inconsistency,L3 Data/telemetry,Inconsistency,TEMP tags use F while the tag catalogue says C; schema omits fields the records have.,47 records tag_id endswith _TEMP and unit=F e.g. TEL-00000288 PLT-01-U03_TEMP; tags.csv engineering_unit C for 216 TEMP tags; telemetry_event_schema.json required lacks ingest_time/source/asset_id which TEL-00000000 has,process,Would convert or compare F and C without flagging.,Which unit is the plant standard (known-unknown).,HIGH,YES
L3-Friction,L3 Data/telemetry,Friction,Duplicate packets force rework before any trend.,"duplicate_telemetry_packets=120 (120 duplicate groups); key=(tag_id,event_time,value,unit)",cyber,Would double-count events or train on duplicates.,Whether duplicates are retransmission vs generator clones.,HIGH,PARTIAL
L3-Complexity,L3 Data/telemetry,Complexity,Five unit strings and 864 tags; historian_enabled=NO tags still appear in the feed.,units C 7753 bar 7813 m3_h 7808 mm_s 7803 F 47; tags.csv n=864 historian_enabled NO=51 YES=813; tags_in_ref_not_tele=0,process,Would skip historian_enabled=NO tags as 'not collected' and miss data.,Meaning of historian_enabled vs source=HISTORIAN on every record.,HIGH,PARTIAL
L3-Volatility,L3 Data/telemetry,Volatility,"Ingest delay is systematic (p50 120s, max 240s).",ingest_time-event_time: n=31224 min=1s p50=120s p90=216s max=240s; lag>60s 23414; lag_neg=0,process,Would sort on ingest_time and call it process order (EVAL-004 must_not).,Clock sources for event_time vs ingest_time.,HIGH,YES
L3-Uncertainty,L3 Data/telemetry,Uncertainty,"UNCERTAIN is a first-class quality state, not a missing value.",quality=UNCERTAIN 2743; quality enum in schema GOOD/UNCERTAIN/BAD; diagnostics folds UNCERTAIN into bad_or_uncertain,process,Would drop UNCERTAIN or treat as GOOD after imputation.,Plant definition of UNCERTAIN vs BAD.,HIGH,YES
L3-Hidden Dependency,L3 Data/telemetry,Hidden Dependency,Process join depends on tags.csv covering only 182 assets.,tags.csv unique asset_id=182; assets without tag 1834/2016; telemetry always has asset_id but schema does not declare it,process,Would join telemetry to all 2016 assets as if tagged.,Whether 182 tagged assets are the only instrumented ones (OPEN-020).,HIGH,YES
L3-Unknown Unknown,L3 Data/telemetry,Unknown Unknown,Handover claims historian pressure flat ~20 min vs HMI move; tag_telemetry shows no event/ingest inversion (neg=0) while enterprise_events has 407 inversions.,data/shadow/shift_handover_email.txt; telemetry lag_neg=0; enterprise_events received before event_time=407 e.g. EVT-0000001,process,Would pick one clock globally.,unknown-unknown: which clock is plant truth; 20-min HMI/historian split not located as a tagged incident.,MED,YES
L4-Imperfection,L4 Asset/configuration,Imperfection,Registered identity is incomplete (UNKNOWN/RETIRED/unowned).,assets.csv n=2016 registered_state ACTIVE 1776 UNKNOWN 122 RETIRED 118; owner Unknown 343,cyber,Would drop UNKNOWN rows or fill owner from CMDB name.,What UNKNOWN registered means vs unowned.,HIGH,YES
L4-Inconsistency,L4 Asset/configuration,Inconsistency,Registered ACTIVE vs observed OFFLINE/UNSEEN; RETIRED vs ONLINE; alias collisions.,state_conflicts=200 e.g. OT-00020; RETIRED and ONLINE 99 e.g. OT-00528; alias collisions=5: PLT-01-DCS_CONTROLLER-105 maps PASSIVE OT-00012 and OT-00033,cyber,Would pick CMDB as winner (EVAL-001 must_not).,Which source is wrong on each collision.,HIGH,YES
L4-Friction,L4 Asset/configuration,Friction,Three official alias sources plus a shadow spreadsheet that does not actually differ on firmware/state.,asset_aliases.csv 6048 = 2016 CMDB + 2016 PASSIVE + 2016 CMMS; shadow ot_asset_inventory_FINAL_v8.csv n=220 all IDs in assets; firmware_diff=0 observed_diff=0 vs handover 'spreadsheet is newer',authority,Would merge spreadsheets as 'newer truth'.,OPEN-015 why email and CSV disagree.,HIGH,YES
L4-Complexity,L4 Asset/configuration,Complexity,18-plant inventory with colliding human-readable names.,18 plants; 6048 aliases; 5 colliding aliases listed in identity.collisions,cyber,Would key the KG on alias string.,Full alias graph beyond 5 collisions (many-to-one vs one-to-many).,HIGH,PARTIAL
L4-Volatility,L4 Asset/configuration,Volatility,Configuration age is high if backup_age_days is a freshness proxy.,backup_age_days p50=211; >90 days 1581/2016; firmware unique 815,resilience,Would treat backup_age_days as restore-tested.,Definition of backup_age_days vs recovery_readiness.last_restore_test_days.,MED,PARTIAL
L4-Uncertainty,L4 Asset/configuration,Uncertainty,Observed INTERMITTENT/UNSEEN and registered UNKNOWN are not binary on/off.,observed INTERMITTENT 129 UNSEEN 128 OFFLINE 103 ONLINE 1656; registered UNKNOWN 122,process,Would coerce INTERMITTENT to ONLINE for a dashboard.,Sensor vs comms vs scan-gap meaning of UNSEEN.,HIGH,YES
L4-Hidden Dependency,L4 Asset/configuration,Hidden Dependency,Process/safety/business traces require tag coverage that most assets lack.,182/2016 assets have tags.csv rows; traces only possible for that subset,process,Would claim estate-wide process mapping.,OPEN-020 instrumentation completeness.,HIGH,YES
L4-Unknown Unknown,L4 Asset/configuration,Unknown Unknown,CASCADE-001 claims 37 affected controllers and 6 unknown firmware; that set is not a query result in assets.csv.,scenarios/cascade_001.json 08:07; assets.csv has no advisory-affected flag,cyber,Would invent the 37 IDs.,unknown-unknown: the 37/6 population (OPEN-019).,MED,YES
L5-Imperfection,L5 Process/control,Imperfection,"Safe-state and manual-mode constraints are labels, not enforced in software.",process_units.csv n=216; safe_state STOPPED 59 RECIRCULATE 60 MIN_LOAD 54 ISOLATED 43; manual_mode NO 19 LIMITED 44 YES 153,process,Would ignore safe_state when recommending isolate.,How MIN_LOAD relates to 'minimum stable load' in handover.,HIGH,YES
L5-Inconsistency,L5 Process/control,Inconsistency,Critical dependencies that are not documented.,process_dependencies.csv n=198; documented=NO 51; critical=YES 132; critical=YES AND documented=NO 33,process,Would use documented=YES as the full dependency graph.,Undocumented critical deps' real existence.,HIGH,YES
L5-Friction,L5 Process/control,Friction,Cyber findings rarely join to a unit.,1834 assets have no tag/unit; anti-CVSS examples often units=[] e.g. VUL-00706 OT-00654,process,Would still emit a process-impact sentence without a unit_id.,Join key besides tags.csv (none in vulns).,HIGH,YES
L5-Complexity,L5 Process/control,Complexity,Nine unit types and five dependency types.,unit_type TURBINE 28 FILLING 26 TREATMENT/BOILER/SEPARATION 25 each; dep_type safety 49 material_flow 46 control 37 utility 33 data 33,process,Would treat all deps as IT 'depends_on'.,Safety vs material_flow semantics in a real trip.,HIGH,PARTIAL
L5-Volatility,L5 Process/control,Volatility,No time series of unit mode or production rate in process_units (static snapshot).,process_units.csv has no timestamp column; handover says unit near min stable load now,process,Would freeze safe_state as always-true.,Current operating point vs CSV snapshot (known-unknown).,HIGH,YES
L5-Uncertainty,L5 Process/control,Uncertainty,Word 'ISOLATED' is a process safe_state and also an SOC action string.,process_units.safe_state=ISOLATED 43; legacy_isolation_recommendation returns 'ISOLATE',safety,Would equate SOC ISOLATE with already-safe ISOLATED.,Whether ISOLATED means electrically isolated or process isolated.,HIGH,YES
L5-Hidden Dependency,L5 Process/control,Hidden Dependency,Downstream safety-critical unit coupling.,OT-01016 unit PLT-10-U06 PUMP_TRAIN -> PLT-10-U07 dependency_type=safety documented=YES critical=YES,safety,Would isolate U06 without checking U07.,Unlisted utility deps (33 utility rows; completeness unknown).,HIGH,YES
L5-Unknown Unknown,L5 Process/control,Unknown Unknown,"No operating envelope, recipe, or trip matrix beyond safe_state string.","process_units columns: unit_id,plant_id,unit_type,production_criticality,safe_state,manual_mode_supported only",safety,Would generate a digital-twin control narrative.,unknown-unknown: actual cyber-physical causality.,HIGH,YES
L6-Imperfection,L6 Cyber,Imperfection,Most findings are OPEN; many have no compensating control.,vulnerabilities.csv n=1100 status OPEN 799 MITIGATED 166 ACCEPTED 135; compensating_control NONE 222 UNKNOWN 235,cyber,Would auto-close MITIGATED as 'safe'.,What MITIGATED means without a control test.,HIGH,PARTIAL
L6-Inconsistency,L6 Cyber,Inconsistency,severity label does not match CVSS band; highest CVSS is often unreachable.,830/1100 severity!=cvss-band (9/7/4); VUL-00008 severity CRITICAL cvss 4.1 reachable YES; VUL-00004 severity LOW cvss 9.6; cvss>=9 and reachable NO 53 e.g. VUL-00706 cvss 9.8 reachable NO asset OT-00654 LOW NETWORK_SWITCH,cyber,Would rank by cvss or by severity label and call it operational risk (EVAL-002 must_not).,Which field the scanner vendor intended.,HIGH,YES
L6-Friction,L6 Cyber,Friction,SOC cannot attach process context to most high alerts.,cyber_alerts.csv HIGH+CRITICAL 860; process_context UNKNOWN 525 of those; overall UNKNOWN 1735/2800,process,Would still isolate because severity is HIGH.,Why process_context is UNKNOWN (missing join vs truly unknown).,HIGH,YES
L6-Complexity,L6 Cyber,Complexity,Seven alert types and four access methods in parallel.,alert types AUTH_ANOMALY 429 .. PROTOCOL_ANOMALY 362; remote method jump_host 182 remote_desktop 179 local_service_laptop 170 vendor_vpn 169,cyber,Would map all types to one 'malware' playbook.,True positive rate per type (unmeasured).,MED,PARTIAL
L6-Volatility,L6 Cyber,Volatility,High alert volume over a short window.,2800 alerts from 2026-09-01 to 2026-10-05; 199 CRITICAL; 404 UNEXPECTED_WRITE,authority,Would summarize 'calm' if OPEN queue drops without evidence.,Injection vs real campaign (synthetic estate).,HIGH,PARTIAL
L6-Uncertainty,L6 Cyber,Uncertainty,Reachability and MFA/approval often UNKNOWN.,vuln network_reachable UNKNOWN 344; cvss>=9 reachable UNKNOWN 57; sessions approved_window UNKNOWN 76 mfa UNKNOWN 72 identity unknown 140/700,cyber,Would treat UNKNOWN reachability as YES to 'be safe' or NO to 'reduce tickets'.,UNKNOWN is not permission (mandate).,HIGH,YES
L6-Hidden Dependency,L6 Cyber,Hidden Dependency,Vendor/service-laptop paths and engineering workstations.,local_service_laptop 170; vendor_vpn 169; vendor.engineer sessions on ENG_WORKSTATION 10; vendors.csv MotorDriveCo/SensorTech remote_access=service_laptop,cyber,Would only model jump_host as the remote-access surface.,Which laptop is on which zone (no NAC table).,HIGH,YES
L6-Unknown Unknown,L6 Cyber,Unknown Unknown,"No exploit PoC, no packet, no confirmed adversary in files; compensating_control is a label.",vulnerabilities.csv has no evidence_url; EVAL-002 requires reachability/process/safety/controls/recovery which legacy_rank omits,cyber,Would generate exploit steps or 'patch now' as if scanner=truth.,unknown-unknown: actual exposure vs inventory fiction.,HIGH,YES
L7-Imperfection,L7 Safety,Imperfection,Barriers not ACTIVE and SIS trips not all healthy.,safety_barriers.csv n=450 state ACTIVE 389 DEGRADED 35 BYPASSED 26 (61); SIS_TRIP n=73 of which 10 not ACTIVE: PLT-04-SAFE-19 PLT-05-SAFE-02 PLT-06-SAFE-14 PLT-08-SAFE-01 PLT-08-SAFE-12 PLT-09-SAFE-06 PLT-10-SAFE-17 PLT-12-SAFE-10 PLT-13-SAFE-25 PLT-16-SAFE-19,safety,Would assume SIS is up because SAFETY_PLC exists.,Demand-mode vs continuous diagnostic of those 10.,HIGH,YES
L7-Inconsistency,L7 Safety,Inconsistency,"Bypasses recorded without authorization, or authorization UNKNOWN.",PLT-03-SAFE-14 PERMISSIVE BYPASSED proof CURRENT bypass_authorized=NO on PLT-03-U05; PLT-02-SAFE-17 INTERLOCK BYPASSED OVERDUE bypass_authorized=UNKNOWN; bypass_authorized UNKNOWN 157 YES 136 NO 157; bypass YES and BYPASSED only 8,safety,Would treat bypass_authorized=YES as currently safe.,Who authorized the 8 YES bypasses (unnamed).,HIGH,YES
L7-Friction,L7 Safety,Friction,Safety state is not an input to isolation logic.,legacy_isolation_recommendation(alert_severity) only; does not read safety_barriers; XFAIL test_high_alert_should_not_always_trigger_isolation,safety,Would isolate on CRITICAL while barrier is already BYPASSED.,Required role to even draft isolate (OPEN-008).,HIGH,YES
L7-Complexity,L7 Safety,Complexity,Five barrier types with different meanings.,INTERLOCK 101 PERMISSIVE 100 RELIEF 91 ALARM 85 SIS_TRIP 73,safety,Would treat ALARM bypass like SIS_TRIP bypass.,SIL/claim-limit not in file.,HIGH,PARTIAL
L7-Volatility,L7 Safety,Volatility,Proof-test debt.,proof_test_status OVERDUE 44 DUE 29 CURRENT 377; diagnostics safety_proof_test_due=73,safety,Would ignore OVERDUE if state=ACTIVE.,Aging duration not in CSV (OPEN-006).,HIGH,YES
L7-Uncertainty,L7 Safety,Uncertainty,bypass_authorized UNKNOWN is common.,157/450 bypass_authorized=UNKNOWN; 10 bypassed_unauth samples include UNKNOWN and NO,authority,Would fill UNKNOWN as NO (or YES) to compute a risk score.,UNKNOWN is not permission.,HIGH,YES
L7-Hidden Dependency,L7 Safety,Hidden Dependency,Process unit MIN_LOAD with an unauthorized bypass on the same unit as a SAFETY_PLC.,OT-00211 SAFETY_PLC on PLT-03-U05 BOILER CRITICAL safe_state=MIN_LOAD; barrier PLT-03-SAFE-14 BYPASSED unauthorized; downstream PLT-03-U06 data dep,safety,Would isolate OT-00211 as 'just a PLC'.,Food-plant (PLT-03 plant_type=food) consequence details not in file.,HIGH,YES
L7-Unknown Unknown,L7 Safety,Unknown Unknown,"No proof-test certificates, no cause-and-effect matrix, no SIS application program.",Only safety_barriers.csv 7 columns; inject_04.md title 'Safety bypass aging' with no IDs,safety,Would generate a trip matrix.,unknown-unknown: actual protection layers.,HIGH,YES
L8-Imperfection,L8 Operations,Imperfection,Large unfinished and workaround population.,work_orders.csv n=1250; queue OPEN+IN_PROGRESS+DEFERRED=922; temporary_bypass=YES 94; notes operator workaround active 252 awaiting vendor 224,process,Would mark CLOSED as complete.,Field_status ontology vs observed_state.,HIGH,PARTIAL
L8-Inconsistency,L8 Operations,Inconsistency,CMMS CLOSED does not mean returned to service; clocks disagree with status.,244 CLOSED and field!=RETURNED_TO_SERVICE e.g. WO-000009 OT-00991 PLT-10 CM CLOSED field OUT_OF_SERVICE; 133 CLOSED missing closed_at; 489 not-CLOSED with closed_at set; WO-000018 CLOSED field ACTIVE bypass YES notes awaiting vendor,process,Would close risk because CMMS says CLOSED.,OPEN-014 clock vs status.,HIGH,YES
L8-Friction,L8 Operations,Friction,Shift handover is a parallel system of record.,shift_handover_email.txt: vendor complete / ticket not updated; bypass visible 05:45 'temporary'; do not isolate without process engineering,authority,Would ignore email because it is not CSV.,Which plant 'Unit 04' is (OPEN-018).,HIGH,YES
L8-Complexity,L8 Operations,Complexity,Every CMMS x field combination is populated.,4x4 matrix all 16 cells non-zero (CLOSED/ACTIVE 92 ... OPEN/RTS 64),process,Would assume a state machine with legal transitions only.,Whether generator filled the matrix by design (still evidence).,HIGH,PARTIAL
L8-Volatility,L8 Operations,Volatility,Emergency work and bypasses in the same window as alerts.,WO type EMERGENCY 259; 2800 alerts same Sep-Oct 2026 window,process,Would correlate EMERGENCY WO to alerts without keys.,True overlap vs coincidental synthetic dates.,MED,PARTIAL
L8-Uncertainty,L8 Operations,Uncertainty,"Notes are canned categories, not evidence packs.",notes 5 values only; parts substituted 276 documentation pending 215,process,Would treat 'parts substituted' as a completed MOC.,MOC/permit-to-work records absent.,HIGH,PARTIAL
L8-Hidden Dependency,L8 Operations,Hidden Dependency,Vendor wait states hidden inside CLOSED rows.,64 awaiting-vendor rows are CLOSED; handover vendor vs ticket split,resilience,Would start recovery assuming vendors are done.,Vendor ticket IDs not in data.,HIGH,PARTIAL
L8-Unknown Unknown,L8 Operations,Unknown Unknown,Handover Unit 04 is not joined to a plant_id; 18 plants each can have U04.,shift_handover_email.txt 'Unit 04'; process_units has PLT-xx-U04 pattern; no plant in email,process,Would pick PLT-01-U04 or all U04.,unknown-unknown: which unit the night shift meant (OPEN-018).,HIGH,YES
L9-Imperfection,L9 Enterprise,Imperfection,Nine partial-truth sources; no ERP table despite docs/03.,enterprise_events.jsonl sources IAM 749 MES 747 HISTORIAN 741 EAM 724 SCADA 717 PASSIVE_DISCOVERY 712 CMMS 704 VENDOR_PORTAL 704 SIEM 702; docs/03 lists ERP; no erp file in data/,cyber,Would assume an ERP feed exists because the architecture sketch names it.,Whether ERP was never in scope or is missing (known-unknown).,HIGH,PARTIAL
L9-Inconsistency,L9 Enterprise,Inconsistency,event_type is not bound to source; empty correlation dominates.,HISTORIAN SESSION 122 WORK_ORDER 88; IAM ALARM 109; CMMS only 118/901 WORK_ORDER events; correlation_id empty 3251/6500,authority,Would build a single incident timeline from event_type names.,OPEN-012/013 case key and semantics.,HIGH,YES
L9-Friction,L9 Enterprise,Friction,Expired shadow risk acceptances and canned rationales.,risk_acceptance_tracker.csv n=180; expiry < 2026-09-15 = 134; ACCEPT 71; owner Unknown 41; ACCEPT+Unknown 19; rationales 4 phrases only,authority,Would treat ACCEPT as current residual-risk approval.,OPEN-005 Unknown owner.,HIGH,YES
L9-Complexity,L9 Enterprise,Complexity,"18 plants, 5 regions, 10 vendors, 4 tracker owner labels.",plants.csv regions NA/EU/APAC 4 LATAM/MEA 3; vendors 10 remote methods jump_host/vendor_vpn/service_laptop/none,cyber,Would apply one vendor playbook globally.,Country-n names are fictional; production legal mapping OPEN-003.,MED,PARTIAL
L9-Volatility,L9 Enterprise,Volatility,Enterprise payload_state flips across six values with no dwell time in the product.,payload_state NORMAL 1111 HOLD 1108 OFFLINE 1107 UNKNOWN 1081 MAINTENANCE 1058 DEGRADED 1035,process,Would take the latest payload_state as plant state.,Payload vs assets.observed_state join quality.,MED,PARTIAL
L9-Uncertainty,L9 Enterprise,Uncertainty,received_time can precede event_time.,407/6500 negative lags; EVT-0000001 SIEM CONFIG_CHANGE event_time 17:48:00 received_time 17:47:35 payload DEGRADED; lag p50 +423s,cyber,Would sort on received_time only (EVAL-004 must_not).,Clock domain (SIEM vs plant).,HIGH,YES
L9-Hidden Dependency,L9 Enterprise,Hidden Dependency,Vendor SLA hours are not joined to sessions or WOs.,vendors.csv support_sla_hours 4/8/24; RemoteAssist sla 4; 224 WO awaiting vendor; sessions identity vendor.engineer 123,resilience,Would promise 4h restore from SLA label.,Contractual SLA vs this synthetic table.,MED,PARTIAL
L9-Unknown Unknown,L9 Enterprise,Unknown Unknown,"No directory, no ticket system, no email archive besides one handover file.",identity unknown 140 sessions; no IAM user table,authority,Would invent named approvers from role strings.,unknown-unknown: real org chart (OPEN-001).,HIGH,YES
L10-Imperfection,L10 Resilience,Imperfection,Backup/runbook/dependency flags already fail in volume.,recovery_readiness.csv n=144; backup not CURRENT 25; runbook not CURRENT 35; dep not YES 29; manual_fallback NO 42 LIMITED 47,resilience,Would still say 'most backups CURRENT' (119/144) as ready.,Component granularity vs actual restore image.,HIGH,YES
L10-Inconsistency,L10 Resilience,Inconsistency,backup_status=CURRENT while restore-test/runbook/deps say otherwise.,113/119 CURRENT rows have restore>90 OR runbook!=CURRENT OR dep!=YES; PLT-01 IDENTITY backup CURRENT restore 360d runbook STALE fallback LIMITED; PLT-01 HISTORIAN CURRENT restore 657d; PLT-01 PLC_DCS CURRENT restore 510d rto_hours=2; PLT-02 HISTORIAN CURRENT restore 150d runbook MISSING; legacy_recovery_ready would return True for all 119,resilience,Would output recovery_ready=true because CURRENT (EVAL-005 must_not).,What last_restore_test_days counts (success vs attempt).,HIGH,YES
L10-Friction,L10 Resilience,Friction,Product logic hides the lie; diagnostics count non-CURRENT backups only.,diagnostics recovery_stale_or_unknown_backup uses backup_status!='CURRENT' (=25) and does not use last_restore_test_days; XFAIL test_stale_restore_test_should_not_be_recovery_ready,resilience,Would trust /diagnostics backup key as restore health.,Whether to add a Measure key (SDD-04) without changing legacy yet.,HIGH,YES
L10-Complexity,L10 Resilience,Complexity,Eight components per plant.,NETWORK IDENTITY SCADA HISTORIAN ENGINEERING_WS PLC_DCS MES_INTERFACE BACKUP_REPOSITORY x 18 = 144,resilience,Would restore 'the plant' as one blob.,Order of component restore (not in file).,HIGH,PARTIAL
L10-Volatility,L10 Resilience,Volatility,Restore tests are old (p50 376 days).,last_restore_test_days min 13 p50 376 max 688; >180 days 114/144,resilience,Would use RTO hours (e.g. PLC_DCS rto=2) as if tested.,Drift of images since last test.,HIGH,YES
L10-Uncertainty,L10 Resilience,Uncertainty,UNKNOWN backup/dependency plus LIMITED fallback.,backup UNKNOWN 9; dependency_verified UNKNOWN 13; manual_fallback LIMITED 47,resilience,Would coerce UNKNOWN to STALE or CURRENT.,UNKNOWN is not recovery permission.,HIGH,YES
L10-Hidden Dependency,L10 Resilience,Hidden Dependency,Interface restore depends on unverified deps while backup is CURRENT.,PLT-01 MES_INTERFACE backup CURRENT restore 433d dependency_verified=NO rto 24h; identity restore 360d STALE runbook,resilience,Would restore MES without identity/network.,Actual runtime coupling not in CSV.,HIGH,YES
L10-Unknown Unknown,L10 Resilience,Unknown Unknown,No restore-test artifacts; inject_06 is a title only.,scenarios/inject_06.md 'Restore failure during recovery drill'; no log/file of a failed restore,resilience,Would claim DR was tested in this repo.,unknown-unknown: real restore failure modes.,HIGH,YES
L11-Imperfection,L11 Decision intelligence,Imperfection,Ranking and isolation ignore process/safety/recovery context.,legacy_rank cvss only; 860 HIGH+CRIT would ISOLATE; 525 of them process_context UNKNOWN; EVAL-002/003 stubs,authority,Would ship 'contextual AI' that still sorts cvss.,No gold ranking labels except XFAIL fixture A vs B.,HIGH,YES
L11-Inconsistency,L11 Decision intelligence,Inconsistency,"Scanner severity, CVSS, asset criticality, and unit criticality disagree.",VUL-00706 cvss 9.8 asset_crit LOW reachable NO vs VUL-00008 cvss 4.1 severity CRITICAL asset_crit CRITICAL reachable YES; OT-01016 VUL-00098 cvss 8.7 reachable YES unit HIGH MIN_LOAD,cyber,Would pick one number and hide the others.,Which criticality ontology wins (not decided).,HIGH,YES
L11-Friction,L11 Decision intelligence,Friction,Command-center moment is a 5-minute human argument with no object in software.,CASCADE-001 08:47 SOC isolate vs 08:50 process engineer vs 08:55 reconcile; no API for a recommendation package with evidence fields from docs/06,authority,Would auto-resolve the argument in favor of SOC.,Named facilitator of 08:55 (OPEN-001).,HIGH,YES
L11-Complexity,L11 Decision intelligence,Complexity,Five states plus 14 diagnostic integers plus shadow notes.,CHARTER five-state table; run_diagnostics 14 keys; shadow 3 files,authority,Would collapse to a single RAG 'status'.,How to present without a dashboard-for-dashboard's sake (mandate).,HIGH,YES
L11-Volatility,L11 Decision intelligence,Volatility,Alert and event volume exceeds actionable joins.,2800 alerts; 6500 events; 703 alert-asset overlap with WO assets; no case id,cyber,Would cluster by time and call it an incident.,True incident rate (unmeasured; OPEN-006).,MED,PARTIAL
L11-Uncertainty,L11 Decision intelligence,Uncertainty,No uncertainty object on API outputs.,GET /diagnostics returns ints only; GET /health status=ok; evals/README lists uncertainty communication; no field implemented,authority,Would add a fake confidence=0.9 in prose.,Required uncertainty schema (SDD-08).,HIGH,YES
L11-Hidden Dependency,L11 Decision intelligence,Hidden Dependency,legacy_risk_score criticality multiplier is dead code relative to rank.,legacy_risk_score defined; legacy_rank does not call it; tests rank by cvss fixture,cyber,Would cite the multiplier as if ranking used it.,Whether score is used anywhere outside tests (grep: only risk.py).,HIGH,PARTIAL
L11-Unknown Unknown,L11 Decision intelligence,Unknown Unknown,"No causal model, no prediction, no gold 'actionable incident' definition.",docs/05 'alerts per actionable incident' BASELINE_PENDING; no labels file,process,Would train a predictor on cvss.,unknown-unknown: what leadership would accept as a decision.,MED,YES
L12-Imperfection,L12 Autonomy/assurance,Imperfection,Evals are stubs; known defects are XFAIL not gates.,evals/golden_cases.jsonl EVAL-001..006; evals/README.md lists 12 dimensions; pytest 3 pass 3 xfail; no runner,authority,Would enable an agent because golden_cases.jsonl exists.,Acceptance thresholds (SDD-08).,HIGH,YES
L12-Inconsistency,L12 Autonomy/assurance,Inconsistency,ACTION_TIERS and docs/06 verbs disagree; isolate string is tier-ungoverned.,policy.py keys vs docs/06 enrich/rank/capture evidence/maintenance-mode missing; isolate_endpoint is tier 3 but legacy returns ISOLATE at recommend time without calling requires_human_approval,authority,Would execute isolate_endpoint because recommend is tier 1.,OPEN-004 verb map.,HIGH,YES
L12-Friction,L12 Autonomy/assurance,Friction,Humans must leave the tool to apply policy.,requires_human_approval tested only for write_plc_logic/modify_sis/summarize; isolation path untested for approval,authority,Would conclude HITL exists because one test passes.,Audit trail format (none).,HIGH,YES
L12-Complexity,L12 Autonomy/assurance,Complexity,Five ACTION_TIERS including forbidden tier 4.,tiers 0 observe/correlate/summarize; 1 recommend; 2 telemetry/ticket/logging; 3 isolate/remote/firewall; 4 plc/setpoint/sis/interlock,safety,Would add tools for tier 4 'with confirmation'.,Trip suppression not a key but forbidden in docs/06.,HIGH,YES
L12-Volatility,L12 Autonomy/assurance,Volatility,No prompt/model/tool version registry to freeze behavior.,src has no prompts/; evals not hashed into CI beyond pytest,authority,Would swap models without EVAL re-run.,Future model choice is SDD-09 not now.,MED,YES
L12-Uncertainty,L12 Autonomy/assurance,Uncertainty,Unnamed humans plus default tier 4 for unknown actions is not an operating authority model.,"OPEN-001; ACTION_TIERS.get(action,4); CASCADE-001 08:55 no person",authority,Would pick 'SOC manager' as the approver in text.,Named authority still missing.,HIGH,YES
L12-Hidden Dependency,L12 Autonomy/assurance,Hidden Dependency,Assurance depends on XFAIL remaining visible and data contradictions remaining uncleaned.,docs/07 interpretation rule; AGENTS.md; deleting XFAIL would fake modernization,authority,Would 'fix' tests to pass by changing expectations to match legacy.,Repo 3.0 parallel path not yet specified (SDD-09/ENH).,HIGH,YES
L12-Unknown Unknown,L12 Autonomy/assurance,Unknown Unknown,"No side-effect log, no tool trajectory, no proof that software cannot grow a write API later.",api.py read-only today; Dockerfile exposes 8000; evals README 'side effects' unevaluated,safety,Would assume read-only forever without a guardrail test.,unknown-unknown: future contributor adding a write route (needs SDD-13).,MED,YES
