tag_id,unit_id,asset_id,engineering_unit,low_limit,high_limit,historian_enabled
PLT-01-U01_TEMP,PLT-01-U01,OT-00058,C,20,220,YES
PLT-01-U01_PRESSURE,PLT-01-U01,OT-00058,bar,1,30,YES
PLT-01-U01_FLOW,PLT-01-U01,OT-00058,m3_h,10,500,YES
PLT-01-U01_VIBRATION,PLT-01-U01,OT-00058,mm_s,0.1,12,YES
PLT-01-U02_TEMP,PLT-01-U02,OT-00062,C,20,220,YES
PLT-01-U02_PRESSURE,PLT-01-U02,OT-00062,bar,1,30,YES
PLT-01-U02_FLOW,PLT-01-U02,OT-00062,m3_h,10,500,NO
PLT-01-U02_VIBRATION,PLT-01-U02,OT-00062,mm_s,0.1,12,YES
PLT-01-U03_TEMP,PLT-01-U03,OT-00063,C,20,220,YES
PLT-01-U03_PRESSURE,PLT-01-U03,OT-00063,bar,1,30,YES
PLT-01-U03_FLOW,PLT-01-U03,OT-00063,m3_h,10,500,YES
PLT-01-U03_VIBRATION,PLT-01-U03,OT-00063,mm_s,0.1,12,YES
PLT-01-U04_TEMP,PLT-01-U04,OT-00084,C,20,220,YES
PLT-01-U04_PRESSURE,PLT-01-U04,OT-00084,bar,1,30,YES
PLT-01-U04_FLOW,PLT-01-U04,OT-00084,m3_h,10,500,YES
PLT-01-U04_VIBRATION,PLT-01-U04,OT-00084,mm_s,0.1,12,YES
PLT-01-U05_TEMP,PLT-01-U05,OT-00012,C,20,220,YES
PLT-01-U05_PRESSURE,PLT-01-U05,OT-00012,bar,1,30,YES
PLT-01-U05_FLOW,PLT-01-U05,OT-00012,m3_h,10,500,YES
PLT-01-U05_VIBRATION,PLT-01-U05,OT-00012,mm_s,0.1,12,YES
PLT-01-U06_TEMP,PLT-01-U06,OT-00039,C,20,220,NO
PLT-01-U06_PRESSURE,PLT-01-U06,OT-00039,bar,1,30,YES
PLT-01-U06_FLOW,PLT-01-U06,OT-00039,m3_h,10,500,YES
PLT-01-U06_VIBRATION,PLT-01-U06,OT-00039,mm_s,0.1,12,YES
PLT-01-U07_TEMP,PLT-01-U07,OT-00034,C,20,220,YES
PLT-01-U07_PRESSURE,PLT-01-U07,OT-00034,bar,1,30,YES
PLT-01-U07_FLOW,PLT-01-U07,OT-00034,m3_h,10,500,YES
PLT-01-U07_VIBRATION,PLT-01-U07,OT-00034,mm_s,0.1,12,YES
PLT-01-U08_TEMP,PLT-01-U08,OT-00053,C,20,220,YES
PLT-01-U08_PRESSURE,PLT-01-U08,OT-00053,bar,1,30,YES
PLT-01-U08_FLOW,PLT-01-U08,OT-00053,m3_h,10,500,YES
PLT-01-U08_VIBRATION,PLT-01-U08,OT-00053,mm_s,0.1,12,YES
PLT-01-U09_TEMP,PLT-01-U09,OT-00077,C,20,220,YES
PLT-01-U09_PRESSURE,PLT-01-U09,OT-00077,bar,1,30,YES
PLT-01-U09_FLOW,PLT-01-U09,OT-00077,m3_h,10,500,YES
PLT-01-U09_VIBRATION,PLT-01-U09,OT-00077,mm_s,0.1,12,YES
PLT-01-U10_TEMP,PLT-01-U10,OT-00057,C,20,220,YES
PLT-01-U10_PRESSURE,PLT-01-U10,OT-00057,bar,1,30,YES
PLT-01-U10_FLOW,PLT-01-U10,OT-00057,m3_h,10,500,YES
PLT-01-U10_VIBRATION,PLT-01-U10,OT-00057,mm_s,0.1,12,YES
PLT-01-U11_TEMP,PLT-01-U11,OT-00081,C,20,220,YES
PLT-01-U11_PRESSURE,PLT-01-U11,OT-00081,bar,1,30,YES
PLT-01-U11_FLOW,PLT-01-U11,OT-00081,m3_h,10,500,YES
PLT-01-U11_VIBRATION,PLT-01-U11,OT-00081,mm_s,0.1,12,YES
PLT-01-U12_TEMP,PLT-01-U12,OT-00007,C,20,220,YES
PLT-01-U12_PRESSURE,PLT-01-U12,OT-00007,bar,1,30,YES
PLT-01-U12_FLOW,PLT-01-U12,OT-00007,m3_h,10,500,YES
PLT-01-U12_VIBRATION,PLT-01-U12,OT-00007,mm_s,0.1,12,YES
PLT-02-U01_TEMP,PLT-02-U01,OT-00165,C,20,220,YES
PLT-02-U01_PRESSURE,PLT-02-U01,OT-00165,bar,1,30,YES
PLT-02-U01_FLOW,PLT-02-U01,OT-00165,m3_h,10,500,YES
PLT-02-U01_VIBRATION,PLT-02-U01,OT-00165,mm_s,0.1,12,NO
PLT-02-U02_TEMP,PLT-02-U02,OT-00172,C,20,220,YES
PLT-02-U02_PRESSURE,PLT-02-U02,OT-00172,bar,1,30,YES
PLT-02-U02_FLOW,PLT-02-U02,OT-00172,m3_h,10,500,YES
PLT-02-U02_VIBRATION,PLT-02-U02,OT-00172,mm_s,0.1,12,YES
PLT-02-U03_TEMP,PLT-02-U03,OT-00177,C,20,220,YES
PLT-02-U03_PRESSURE,PLT-02-U03,OT-00177,bar,1,30,NO
PLT-02-U03_FLOW,PLT-02-U03,OT-00177,m3_h,10,500,YES
PLT-02-U03_VIBRATION,PLT-02-U03,OT-00177,mm_s,0.1,12,YES
PLT-02-U04_TEMP,PLT-02-U04,OT-00117,C,20,220,YES
PLT-02-U04_PRESSURE,PLT-02-U04,OT-00117,bar,1,30,YES
PLT-02-U04_FLOW,PLT-02-U04,OT-00117,m3_h,10,500,YES
PLT-02-U04_VIBRATION,PLT-02-U04,OT-00117,mm_s,0.1,12,YES
PLT-02-U05_TEMP,PLT-02-U05,OT-00129,C,20,220,YES
PLT-02-U05_PRESSURE,PLT-02-U05,OT-00129,bar,1,30,YES
PLT-02-U05_FLOW,PLT-02-U05,OT-00129,m3_h,10,500,YES
PLT-02-U05_VIBRATION,PLT-02-U05,OT-00129,mm_s,0.1,12,YES
PLT-02-U06_TEMP,PLT-02-U06,OT-00150,C,20,220,YES
PLT-02-U06_PRESSURE,PLT-02-U06,OT-00150,bar,1,30,YES
PLT-02-U06_FLOW,PLT-02-U06,OT-00150,m3_h,10,500,YES
PLT-02-U06_VIBRATION,PLT-02-U06,OT-00150,mm_s,0.1,12,YES
PLT-02-U07_TEMP,PLT-02-U07,OT-00167,C,20,220,YES
PLT-02-U07_PRESSURE,PLT-02-U07,OT-00167,bar,1,30,YES
PLT-02-U07_FLOW,PLT-02-U07,OT-00167,m3_h,10,500,YES
PLT-02-U07_VIBRATION,PLT-02-U07,OT-00167,mm_s,0.1,12,YES
PLT-02-U08_TEMP,PLT-02-U08,OT-00171,C,20,220,YES
PLT-02-U08_PRESSURE,PLT-02-U08,OT-00171,bar,1,30,YES
PLT-02-U08_FLOW,PLT-02-U08,OT-00171,m3_h,10,500,YES
PLT-02-U08_VIBRATION,PLT-02-U08,OT-00171,mm_s,0.1,12,NO
PLT-02-U09_TEMP,PLT-02-U09,OT-00117,C,20,220,YES
PLT-02-U09_PRESSURE,PLT-02-U09,OT-00117,bar,1,30,YES
PLT-02-U09_FLOW,PLT-02-U09,OT-00117,m3_h,10,500,YES
PLT-02-U09_VIBRATION,PLT-02-U09,OT-00117,mm_s,0.1,12,YES
PLT-02-U10_TEMP,PLT-02-U10,OT-00177,C,20,220,YES
PLT-02-U10_PRESSURE,PLT-02-U10,OT-00177,bar,1,30,YES
PLT-02-U10_FLOW,PLT-02-U10,OT-00177,m3_h,10,500,YES
PLT-02-U10_VIBRATION,PLT-02-U10,OT-00177,mm_s,0.1,12,YES
PLT-02-U11_TEMP,PLT-02-U11,OT-00162,C,20,220,NO
PLT-02-U11_PRESSURE,PLT-02-U11,OT-00162,bar,1,30,YES
PLT-02-U11_FLOW,PLT-02-U11,OT-00162,m3_h,10,500,YES
PLT-02-U11_VIBRATION,PLT-02-U11,OT-00162,mm_s,0.1,12,YES
PLT-02-U12_TEMP,PLT-02-U12,OT-00167,C,20,220,YES
PLT-02-U12_PRESSURE,PLT-02-U12,OT-00167,bar,1,30,YES
PLT-02-U12_FLOW,PLT-02-U12,OT-00167,m3_h,10,500,YES
PLT-02-U12_VIBRATION,PLT-02-U12,OT-00167,mm_s,0.1,12,YES
PLT-03-U01_TEMP,PLT-03-U01,OT-00280,C,20,220,YES
PLT-03-U01_PRESSURE,PLT-03-U01,OT-00280,bar,1,30,YES
PLT-03-U01_FLOW,PLT-03-U01,OT-00280,m3_h,10,500,YES
PLT-03-U01_VIBRATION,PLT-03-U01,OT-00280,mm_s,0.1,12,YES
PLT-03-U02_TEMP,PLT-03-U02,OT-00231,C,20,220,YES
PLT-03-U02_PRESSURE,PLT-03-U02,OT-00231,bar,1,30,YES
PLT-03-U02_FLOW,PLT-03-U02,OT-00231,m3_h,10,500,YES
PLT-03-U02_VIBRATION,PLT-03-U02,OT-00231,mm_s,0.1,12,YES
PLT-03-U03_TEMP,PLT-03-U03,OT-00317,C,20,220,YES
PLT-03-U03_PRESSURE,PLT-03-U03,OT-00317,bar,1,30,YES
PLT-03-U03_FLOW,PLT-03-U03,OT-00317,m3_h,10,500,YES
PLT-03-U03_VIBRATION,PLT-03-U03,OT-00317,mm_s,0.1,12,YES
PLT-03-U04_TEMP,PLT-03-U04,OT-00279,C,20,220,YES
PLT-03-U04_PRESSURE,PLT-03-U04,OT-00279,bar,1,30,NO
PLT-03-U04_FLOW,PLT-03-U04,OT-00279,m3_h,10,500,YES
PLT-03-U04_VIBRATION,PLT-03-U04,OT-00279,mm_s,0.1,12,NO
PLT-03-U05_TEMP,PLT-03-U05,OT-00211,C,20,220,YES
PLT-03-U05_PRESSURE,PLT-03-U05,OT-00211,bar,1,30,YES
PLT-03-U05_FLOW,PLT-03-U05,OT-00211,m3_h,10,500,YES
PLT-03-U05_VIBRATION,PLT-03-U05,OT-00211,mm_s,0.1,12,YES
PLT-03-U06_TEMP,PLT-03-U06,OT-00272,C,20,220,YES
PLT-03-U06_PRESSURE,PLT-03-U06,OT-00272,bar,1,30,YES
PLT-03-U06_FLOW,PLT-03-U06,OT-00272,m3_h,10,500,YES
PLT-03-U06_VIBRATION,PLT-03-U06,OT-00272,mm_s,0.1,12,YES
PLT-03-U07_TEMP,PLT-03-U07,OT-00295,C,20,220,YES
PLT-03-U07_PRESSURE,PLT-03-U07,OT-00295,bar,1,30,YES
PLT-03-U07_FLOW,PLT-03-U07,OT-00295,m3_h,10,500,YES
PLT-03-U07_VIBRATION,PLT-03-U07,OT-00295,mm_s,0.1,12,YES
PLT-03-U08_TEMP,PLT-03-U08,OT-00208,C,20,220,NO
PLT-03-U08_PRESSURE,PLT-03-U08,OT-00208,bar,1,30,YES
PLT-03-U08_FLOW,PLT-03-U08,OT-00208,m3_h,10,500,YES
PLT-03-U08_VIBRATION,PLT-03-U08,OT-00208,mm_s,0.1,12,YES
PLT-03-U09_TEMP,PLT-03-U09,OT-00316,C,20,220,YES
PLT-03-U09_PRESSURE,PLT-03-U09,OT-00316,bar,1,30,YES
PLT-03-U09_FLOW,PLT-03-U09,OT-00316,m3_h,10,500,YES
PLT-03-U09_VIBRATION,PLT-03-U09,OT-00316,mm_s,0.1,12,YES
PLT-03-U10_TEMP,PLT-03-U10,OT-00266,C,20,220,YES
PLT-03-U10_PRESSURE,PLT-03-U10,OT-00266,bar,1,30,YES
PLT-03-U10_FLOW,PLT-03-U10,OT-00266,m3_h,10,500,YES
PLT-03-U10_VIBRATION,PLT-03-U10,OT-00266,mm_s,0.1,12,YES
PLT-03-U11_TEMP,PLT-03-U11,OT-00236,C,20,220,YES
PLT-03-U11_PRESSURE,PLT-03-U11,OT-00236,bar,1,30,NO
PLT-03-U11_FLOW,PLT-03-U11,OT-00236,m3_h,10,500,YES
PLT-03-U11_VIBRATION,PLT-03-U11,OT-00236,mm_s,0.1,12,YES
PLT-03-U12_TEMP,PLT-03-U12,OT-00238,C,20,220,YES
PLT-03-U12_PRESSURE,PLT-03-U12,OT-00238,bar,1,30,YES
PLT-03-U12_FLOW,PLT-03-U12,OT-00238,m3_h,10,500,NO
PLT-03-U12_VIBRATION,PLT-03-U12,OT-00238,mm_s,0.1,12,YES
PLT-04-U01_TEMP,PLT-04-U01,OT-00358,C,20,220,YES
PLT-04-U01_PRESSURE,PLT-04-U01,OT-00358,bar,1,30,YES
PLT-04-U01_FLOW,PLT-04-U01,OT-00358,m3_h,10,500,YES
PLT-04-U01_VIBRATION,PLT-04-U01,OT-00358,mm_s,0.1,12,YES
PLT-04-U02_TEMP,PLT-04-U02,OT-00381,C,20,220,YES
PLT-04-U02_PRESSURE,PLT-04-U02,OT-00381,bar,1,30,YES
PLT-04-U02_FLOW,PLT-04-U02,OT-00381,m3_h,10,500,YES
PLT-04-U02_VIBRATION,PLT-04-U02,OT-00381,mm_s,0.1,12,YES
PLT-04-U03_TEMP,PLT-04-U03,OT-00381,C,20,220,YES
PLT-04-U03_PRESSURE,PLT-04-U03,OT-00381,bar,1,30,YES
PLT-04-U03_FLOW,PLT-04-U03,OT-00381,m3_h,10,500,YES
PLT-04-U03_VIBRATION,PLT-04-U03,OT-00381,mm_s,0.1,12,YES
PLT-04-U04_TEMP,PLT-04-U04,OT-00334,C,20,220,YES
PLT-04-U04_PRESSURE,PLT-04-U04,OT-00334,bar,1,30,YES
PLT-04-U04_FLOW,PLT-04-U04,OT-00334,m3_h,10,500,YES
PLT-04-U04_VIBRATION,PLT-04-U04,OT-00334,mm_s,0.1,12,YES
PLT-04-U05_TEMP,PLT-04-U05,OT-00407,C,20,220,NO
PLT-04-U05_PRESSURE,PLT-04-U05,OT-00407,bar,1,30,YES
PLT-04-U05_FLOW,PLT-04-U05,OT-00407,m3_h,10,500,YES
PLT-04-U05_VIBRATION,PLT-04-U05,OT-00407,mm_s,0.1,12,NO
PLT-04-U06_TEMP,PLT-04-U06,OT-00372,C,20,220,YES
PLT-04-U06_PRESSURE,PLT-04-U06,OT-00372,bar,1,30,NO
PLT-04-U06_FLOW,PLT-04-U06,OT-00372,m3_h,10,500,YES
PLT-04-U06_VIBRATION,PLT-04-U06,OT-00372,mm_s,0.1,12,YES
PLT-04-U07_TEMP,PLT-04-U07,OT-00396,C,20,220,NO
PLT-04-U07_PRESSURE,PLT-04-U07,OT-00396,bar,1,30,YES
PLT-04-U07_FLOW,PLT-04-U07,OT-00396,m3_h,10,500,YES
PLT-04-U07_VIBRATION,PLT-04-U07,OT-00396,mm_s,0.1,12,YES
PLT-04-U08_TEMP,PLT-04-U08,OT-00415,C,20,220,YES
PLT-04-U08_PRESSURE,PLT-04-U08,OT-00415,bar,1,30,YES
PLT-04-U08_FLOW,PLT-04-U08,OT-00415,m3_h,10,500,YES
PLT-04-U08_VIBRATION,PLT-04-U08,OT-00415,mm_s,0.1,12,YES
PLT-04-U09_TEMP,PLT-04-U09,OT-00366,C,20,220,YES
PLT-04-U09_PRESSURE,PLT-04-U09,OT-00366,bar,1,30,YES
PLT-04-U09_FLOW,PLT-04-U09,OT-00366,m3_h,10,500,YES
PLT-04-U09_VIBRATION,PLT-04-U09,OT-00366,mm_s,0.1,12,YES
PLT-04-U10_TEMP,PLT-04-U10,OT-00334,C,20,220,YES
PLT-04-U10_PRESSURE,PLT-04-U10,OT-00334,bar,1,30,YES
PLT-04-U10_FLOW,PLT-04-U10,OT-00334,m3_h,10,500,YES
PLT-04-U10_VIBRATION,PLT-04-U10,OT-00334,mm_s,0.1,12,YES
PLT-04-U11_TEMP,PLT-04-U11,OT-00395,C,20,220,YES
PLT-04-U11_PRESSURE,PLT-04-U11,OT-00395,bar,1,30,YES
PLT-04-U11_FLOW,PLT-04-U11,OT-00395,m3_h,10,500,YES
PLT-04-U11_VIBRATION,PLT-04-U11,OT-00395,mm_s,0.1,12,YES
PLT-04-U12_TEMP,PLT-04-U12,OT-00415,C,20,220,NO
PLT-04-U12_PRESSURE,PLT-04-U12,OT-00415,bar,1,30,YES
PLT-04-U12_FLOW,PLT-04-U12,OT-00415,m3_h,10,500,YES
PLT-04-U12_VIBRATION,PLT-04-U12,OT-00415,mm_s,0.1,12,YES
PLT-05-U01_TEMP,PLT-05-U01,OT-00528,C,20,220,YES
PLT-05-U01_PRESSURE,PLT-05-U01,OT-00528,bar,1,30,YES
PLT-05-U01_FLOW,PLT-05-U01,OT-00528,m3_h,10,500,YES
PLT-05-U01_VIBRATION,PLT-05-U01,OT-00528,mm_s,0.1,12,YES
PLT-05-U02_TEMP,PLT-05-U02,OT-00461,C,20,220,YES
PLT-05-U02_PRESSURE,PLT-05-U02,OT-00461,bar,1,30,YES
PLT-05-U02_FLOW,PLT-05-U02,OT-00461,m3_h,10,500,YES
PLT-05-U02_VIBRATION,PLT-05-U02,OT-00461,mm_s,0.1,12,YES
PLT-05-U03_TEMP,PLT-05-U03,OT-00485,C,20,220,YES
PLT-05-U03_PRESSURE,PLT-05-U03,OT-00485,bar,1,30,YES
PLT-05-U03_FLOW,PLT-05-U03,OT-00485,m3_h,10,500,YES
PLT-05-U03_VIBRATION,PLT-05-U03,OT-00485,mm_s,0.1,12,YES
PLT-05-U04_TEMP,PLT-05-U04,OT-00461,C,20,220,YES
PLT-05-U04_PRESSURE,PLT-05-U04,OT-00461,bar,1,30,YES
PLT-05-U04_FLOW,PLT-05-U04,OT-00461,m3_h,10,500,YES
PLT-05-U04_VIBRATION,PLT-05-U04,OT-00461,mm_s,0.1,12,YES
PLT-05-U05_TEMP,PLT-05-U05,OT-00456,C,20,220,YES
PLT-05-U05_PRESSURE,PLT-05-U05,OT-00456,bar,1,30,YES
PLT-05-U05_FLOW,PLT-05-U05,OT-00456,m3_h,10,500,YES
PLT-05-U05_VIBRATION,PLT-05-U05,OT-00456,mm_s,0.1,12,YES
PLT-05-U06_TEMP,PLT-05-U06,OT-00473,C,20,220,YES
PLT-05-U06_PRESSURE,PLT-05-U06,OT-00473,bar,1,30,YES
PLT-05-U06_FLOW,PLT-05-U06,OT-00473,m3_h,10,500,YES
PLT-05-U06_VIBRATION,PLT-05-U06,OT-00473,mm_s,0.1,12,YES
PLT-05-U07_TEMP,PLT-05-U07,OT-00457,C,20,220,YES
PLT-05-U07_PRESSURE,PLT-05-U07,OT-00457,bar,1,30,YES
PLT-05-U07_FLOW,PLT-05-U07,OT-00457,m3_h,10,500,YES
PLT-05-U07_VIBRATION,PLT-05-U07,OT-00457,mm_s,0.1,12,YES
PLT-05-U08_TEMP,PLT-05-U08,OT-00487,C,20,220,NO
PLT-05-U08_PRESSURE,PLT-05-U08,OT-00487,bar,1,30,YES
PLT-05-U08_FLOW,PLT-05-U08,OT-00487,m3_h,10,500,YES
PLT-05-U08_VIBRATION,PLT-05-U08,OT-00487,mm_s,0.1,12,NO
PLT-05-U09_TEMP,PLT-05-U09,OT-00461,C,20,220,YES
PLT-05-U09_PRESSURE,PLT-05-U09,OT-00461,bar,1,30,YES
PLT-05-U09_FLOW,PLT-05-U09,OT-00461,m3_h,10,500,YES
PLT-05-U09_VIBRATION,PLT-05-U09,OT-00461,mm_s,0.1,12,YES
PLT-05-U10_TEMP,PLT-05-U10,OT-00472,C,20,220,YES
PLT-05-U10_PRESSURE,PLT-05-U10,OT-00472,bar,1,30,YES
PLT-05-U10_FLOW,PLT-05-U10,OT-00472,m3_h,10,500,YES
PLT-05-U10_VIBRATION,PLT-05-U10,OT-00472,mm_s,0.1,12,YES
PLT-05-U11_TEMP,PLT-05-U11,OT-00457,C,20,220,YES
PLT-05-U11_PRESSURE,PLT-05-U11,OT-00457,bar,1,30,YES
PLT-05-U11_FLOW,PLT-05-U11,OT-00457,m3_h,10,500,YES
PLT-05-U11_VIBRATION,PLT-05-U11,OT-00457,mm_s,0.1,12,YES
PLT-05-U12_TEMP,PLT-05-U12,OT-00484,C,20,220,YES
PLT-05-U12_PRESSURE,PLT-05-U12,OT-00484,bar,1,30,YES
PLT-05-U12_FLOW,PLT-05-U12,OT-00484,m3_h,10,500,YES
PLT-05-U12_VIBRATION,PLT-05-U12,OT-00484,mm_s,0.1,12,YES
PLT-06-U01_TEMP,PLT-06-U01,OT-00569,C,20,220,YES
PLT-06-U01_PRESSURE,PLT-06-U01,OT-00569,bar,1,30,YES
PLT-06-U01_FLOW,PLT-06-U01,OT-00569,m3_h,10,500,YES
PLT-06-U01_VIBRATION,PLT-06-U01,OT-00569,mm_s,0.1,12,YES
PLT-06-U02_TEMP,PLT-06-U02,OT-00615,C,20,220,YES
PLT-06-U02_PRESSURE,PLT-06-U02,OT-00615,bar,1,30,YES
PLT-06-U02_FLOW,PLT-06-U02,OT-00615,m3_h,10,500,YES
PLT-06-U02_VIBRATION,PLT-06-U02,OT-00615,mm_s,0.1,12,YES
PLT-06-U03_TEMP,PLT-06-U03,OT-00584,C,20,220,YES
PLT-06-U03_PRESSURE,PLT-06-U03,OT-00584,bar,1,30,NO
PLT-06-U03_FLOW,PLT-06-U03,OT-00584,m3_h,10,500,YES
PLT-06-U03_VIBRATION,PLT-06-U03,OT-00584,mm_s,0.1,12,YES
PLT-06-U04_TEMP,PLT-06-U04,OT-00625,C,20,220,YES
PLT-06-U04_PRESSURE,PLT-06-U04,OT-00625,bar,1,30,YES
PLT-06-U04_FLOW,PLT-06-U04,OT-00625,m3_h,10,500,YES
PLT-06-U04_VIBRATION,PLT-06-U04,OT-00625,mm_s,0.1,12,NO
PLT-06-U05_TEMP,PLT-06-U05,OT-00581,C,20,220,YES
PLT-06-U05_PRESSURE,PLT-06-U05,OT-00581,bar,1,30,YES
PLT-06-U05_FLOW,PLT-06-U05,OT-00581,m3_h,10,500,YES
PLT-06-U05_VIBRATION,PLT-06-U05,OT-00581,mm_s,0.1,12,YES
PLT-06-U06_TEMP,PLT-06-U06,OT-00615,C,20,220,YES
PLT-06-U06_PRESSURE,PLT-06-U06,OT-00615,bar,1,30,YES
PLT-06-U06_FLOW,PLT-06-U06,OT-00615,m3_h,10,500,YES
PLT-06-U06_VIBRATION,PLT-06-U06,OT-00615,mm_s,0.1,12,YES
PLT-06-U07_TEMP,PLT-06-U07,OT-00564,C,20,220,YES
PLT-06-U07_PRESSURE,PLT-06-U07,OT-00564,bar,1,30,YES
PLT-06-U07_FLOW,PLT-06-U07,OT-00564,m3_h,10,500,NO
PLT-06-U07_VIBRATION,PLT-06-U07,OT-00564,mm_s,0.1,12,YES
PLT-06-U08_TEMP,PLT-06-U08,OT-00604,C,20,220,NO
PLT-06-U08_PRESSURE,PLT-06-U08,OT-00604,bar,1,30,YES
PLT-06-U08_FLOW,PLT-06-U08,OT-00604,m3_h,10,500,YES
PLT-06-U08_VIBRATION,PLT-06-U08,OT-00604,mm_s,0.1,12,YES
PLT-06-U09_TEMP,PLT-06-U09,OT-00606,C,20,220,YES
PLT-06-U09_PRESSURE,PLT-06-U09,OT-00606,bar,1,30,YES
PLT-06-U09_FLOW,PLT-06-U09,OT-00606,m3_h,10,500,YES
PLT-06-U09_VIBRATION,PLT-06-U09,OT-00606,mm_s,0.1,12,YES
PLT-06-U10_TEMP,PLT-06-U10,OT-00541,C,20,220,YES
PLT-06-U10_PRESSURE,PLT-06-U10,OT-00541,bar,1,30,YES
PLT-06-U10_FLOW,PLT-06-U10,OT-00541,m3_h,10,500,YES
PLT-06-U10_VIBRATION,PLT-06-U10,OT-00541,mm_s,0.1,12,YES
PLT-06-U11_TEMP,PLT-06-U11,OT-00604,C,20,220,YES
PLT-06-U11_PRESSURE,PLT-06-U11,OT-00604,bar,1,30,YES
PLT-06-U11_FLOW,PLT-06-U11,OT-00604,m3_h,10,500,YES
PLT-06-U11_VIBRATION,PLT-06-U11,OT-00604,mm_s,0.1,12,YES
PLT-06-U12_TEMP,PLT-06-U12,OT-00612,C,20,220,YES
PLT-06-U12_PRESSURE,PLT-06-U12,OT-00612,bar,1,30,YES
PLT-06-U12_FLOW,PLT-06-U12,OT-00612,m3_h,10,500,YES
PLT-06-U12_VIBRATION,PLT-06-U12,OT-00612,mm_s,0.1,12,YES
PLT-07-U01_TEMP,PLT-07-U01,OT-00676,C,20,220,YES
PLT-07-U01_PRESSURE,PLT-07-U01,OT-00676,bar,1,30,YES
PLT-07-U01_FLOW,PLT-07-U01,OT-00676,m3_h,10,500,YES
PLT-07-U01_VIBRATION,PLT-07-U01,OT-00676,mm_s,0.1,12,YES
PLT-07-U02_TEMP,PLT-07-U02,OT-00695,C,20,220,YES
PLT-07-U02_PRESSURE,PLT-07-U02,OT-00695,bar,1,30,YES
PLT-07-U02_FLOW,PLT-07-U02,OT-00695,m3_h,10,500,YES
PLT-07-U02_VIBRATION,PLT-07-U02,OT-00695,mm_s,0.1,12,YES
PLT-07-U03_TEMP,PLT-07-U03,OT-00683,C,20,220,YES
PLT-07-U03_PRESSURE,PLT-07-U03,OT-00683,bar,1,30,YES
PLT-07-U03_FLOW,PLT-07-U03,OT-00683,m3_h,10,500,NO
PLT-07-U03_VIBRATION,PLT-07-U03,OT-00683,mm_s,0.1,12,YES
PLT-07-U04_TEMP,PLT-07-U04,OT-00652,C,20,220,YES
PLT-07-U04_PRESSURE,PLT-07-U04,OT-00652,bar,1,30,YES
PLT-07-U04_FLOW,PLT-07-U04,OT-00652,m3_h,10,500,YES
PLT-07-U04_VIBRATION,PLT-07-U04,OT-00652,mm_s,0.1,12,YES
PLT-07-U05_TEMP,PLT-07-U05,OT-00651,C,20,220,YES
PLT-07-U05_PRESSURE,PLT-07-U05,OT-00651,bar,1,30,YES
PLT-07-U05_FLOW,PLT-07-U05,OT-00651,m3_h,10,500,YES
PLT-07-U05_VIBRATION,PLT-07-U05,OT-00651,mm_s,0.1,12,YES
PLT-07-U06_TEMP,PLT-07-U06,OT-00677,C,20,220,YES
PLT-07-U06_PRESSURE,PLT-07-U06,OT-00677,bar,1,30,YES
PLT-07-U06_FLOW,PLT-07-U06,OT-00677,m3_h,10,500,YES
PLT-07-U06_VIBRATION,PLT-07-U06,OT-00677,mm_s,0.1,12,YES
PLT-07-U07_TEMP,PLT-07-U07,OT-00720,C,20,220,YES
PLT-07-U07_PRESSURE,PLT-07-U07,OT-00720,bar,1,30,YES
PLT-07-U07_FLOW,PLT-07-U07,OT-00720,m3_h,10,500,YES
PLT-07-U07_VIBRATION,PLT-07-U07,OT-00720,mm_s,0.1,12,YES
PLT-07-U08_TEMP,PLT-07-U08,OT-00731,C,20,220,YES
PLT-07-U08_PRESSURE,PLT-07-U08,OT-00731,bar,1,30,YES
PLT-07-U08_FLOW,PLT-07-U08,OT-00731,m3_h,10,500,YES
PLT-07-U08_VIBRATION,PLT-07-U08,OT-00731,mm_s,0.1,12,YES
PLT-07-U09_TEMP,PLT-07-U09,OT-00652,C,20,220,YES
PLT-07-U09_PRESSURE,PLT-07-U09,OT-00652,bar,1,30,YES
PLT-07-U09_FLOW,PLT-07-U09,OT-00652,m3_h,10,500,YES
PLT-07-U09_VIBRATION,PLT-07-U09,OT-00652,mm_s,0.1,12,YES
PLT-07-U10_TEMP,PLT-07-U10,OT-00676,C,20,220,YES
PLT-07-U10_PRESSURE,PLT-07-U10,OT-00676,bar,1,30,YES
PLT-07-U10_FLOW,PLT-07-U10,OT-00676,m3_h,10,500,YES
PLT-07-U10_VIBRATION,PLT-07-U10,OT-00676,mm_s,0.1,12,YES
PLT-07-U11_TEMP,PLT-07-U11,OT-00753,C,20,220,YES
PLT-07-U11_PRESSURE,PLT-07-U11,OT-00753,bar,1,30,YES
PLT-07-U11_FLOW,PLT-07-U11,OT-00753,m3_h,10,500,NO
PLT-07-U11_VIBRATION,PLT-07-U11,OT-00753,mm_s,0.1,12,YES
PLT-07-U12_TEMP,PLT-07-U12,OT-00705,C,20,220,YES
PLT-07-U12_PRESSURE,PLT-07-U12,OT-00705,bar,1,30,YES
PLT-07-U12_FLOW,PLT-07-U12,OT-00705,m3_h,10,500,YES
PLT-07-U12_VIBRATION,PLT-07-U12,OT-00705,mm_s,0.1,12,YES
PLT-08-U01_TEMP,PLT-08-U01,OT-00790,C,20,220,YES
PLT-08-U01_PRESSURE,PLT-08-U01,OT-00790,bar,1,30,YES
PLT-08-U01_FLOW,PLT-08-U01,OT-00790,m3_h,10,500,YES
PLT-08-U01_VIBRATION,PLT-08-U01,OT-00790,mm_s,0.1,12,YES
PLT-08-U02_TEMP,PLT-08-U02,OT-00872,C,20,220,YES
PLT-08-U02_PRESSURE,PLT-08-U02,OT-00872,bar,1,30,YES
PLT-08-U02_FLOW,PLT-08-U02,OT-00872,m3_h,10,500,NO
PLT-08-U02_VIBRATION,PLT-08-U02,OT-00872,mm_s,0.1,12,YES
PLT-08-U03_TEMP,PLT-08-U03,OT-00831,C,20,220,YES
PLT-08-U03_PRESSURE,PLT-08-U03,OT-00831,bar,1,30,YES
PLT-08-U03_FLOW,PLT-08-U03,OT-00831,m3_h,10,500,YES
PLT-08-U03_VIBRATION,PLT-08-U03,OT-00831,mm_s,0.1,12,YES
PLT-08-U04_TEMP,PLT-08-U04,OT-00847,C,20,220,YES
PLT-08-U04_PRESSURE,PLT-08-U04,OT-00847,bar,1,30,YES
PLT-08-U04_FLOW,PLT-08-U04,OT-00847,m3_h,10,500,YES
PLT-08-U04_VIBRATION,PLT-08-U04,OT-00847,mm_s,0.1,12,YES
PLT-08-U05_TEMP,PLT-08-U05,OT-00818,C,20,220,YES
PLT-08-U05_PRESSURE,PLT-08-U05,OT-00818,bar,1,30,YES
PLT-08-U05_FLOW,PLT-08-U05,OT-00818,m3_h,10,500,YES
PLT-08-U05_VIBRATION,PLT-08-U05,OT-00818,mm_s,0.1,12,YES
PLT-08-U06_TEMP,PLT-08-U06,OT-00840,C,20,220,YES
PLT-08-U06_PRESSURE,PLT-08-U06,OT-00840,bar,1,30,YES
PLT-08-U06_FLOW,PLT-08-U06,OT-00840,m3_h,10,500,YES
PLT-08-U06_VIBRATION,PLT-08-U06,OT-00840,mm_s,0.1,12,YES
PLT-08-U07_TEMP,PLT-08-U07,OT-00814,C,20,220,YES
PLT-08-U07_PRESSURE,PLT-08-U07,OT-00814,bar,1,30,YES
PLT-08-U07_FLOW,PLT-08-U07,OT-00814,m3_h,10,500,YES
PLT-08-U07_VIBRATION,PLT-08-U07,OT-00814,mm_s,0.1,12,YES
PLT-08-U08_TEMP,PLT-08-U08,OT-00856,C,20,220,YES
PLT-08-U08_PRESSURE,PLT-08-U08,OT-00856,bar,1,30,YES
PLT-08-U08_FLOW,PLT-08-U08,OT-00856,m3_h,10,500,YES
PLT-08-U08_VIBRATION,PLT-08-U08,OT-00856,mm_s,0.1,12,YES
PLT-08-U09_TEMP,PLT-08-U09,OT-00847,C,20,220,YES
PLT-08-U09_PRESSURE,PLT-08-U09,OT-00847,bar,1,30,YES
PLT-08-U09_FLOW,PLT-08-U09,OT-00847,m3_h,10,500,YES
PLT-08-U09_VIBRATION,PLT-08-U09,OT-00847,mm_s,0.1,12,YES
PLT-08-U10_TEMP,PLT-08-U10,OT-00825,C,20,220,YES
PLT-08-U10_PRESSURE,PLT-08-U10,OT-00825,bar,1,30,YES
PLT-08-U10_FLOW,PLT-08-U10,OT-00825,m3_h,10,500,YES
PLT-08-U10_VIBRATION,PLT-08-U10,OT-00825,mm_s,0.1,12,YES
PLT-08-U11_TEMP,PLT-08-U11,OT-00825,C,20,220,YES
PLT-08-U11_PRESSURE,PLT-08-U11,OT-00825,bar,1,30,YES
PLT-08-U11_FLOW,PLT-08-U11,OT-00825,m3_h,10,500,YES
PLT-08-U11_VIBRATION,PLT-08-U11,OT-00825,mm_s,0.1,12,YES
PLT-08-U12_TEMP,PLT-08-U12,OT-00787,C,20,220,YES
PLT-08-U12_PRESSURE,PLT-08-U12,OT-00787,bar,1,30,YES
PLT-08-U12_FLOW,PLT-08-U12,OT-00787,m3_h,10,500,YES
PLT-08-U12_VIBRATION,PLT-08-U12,OT-00787,mm_s,0.1,12,YES
PLT-09-U01_TEMP,PLT-09-U01,OT-00970,C,20,220,YES
PLT-09-U01_PRESSURE,PLT-09-U01,OT-00970,bar,1,30,YES
PLT-09-U01_FLOW,PLT-09-U01,OT-00970,m3_h,10,500,YES
PLT-09-U01_VIBRATION,PLT-09-U01,OT-00970,mm_s,0.1,12,YES
PLT-09-U02_TEMP,PLT-09-U02,OT-00934,C,20,220,YES
PLT-09-U02_PRESSURE,PLT-09-U02,OT-00934,bar,1,30,YES
PLT-09-U02_FLOW,PLT-09-U02,OT-00934,m3_h,10,500,YES
PLT-09-U02_VIBRATION,PLT-09-U02,OT-00934,mm_s,0.1,12,YES
PLT-09-U03_TEMP,PLT-09-U03,OT-00897,C,20,220,YES
PLT-09-U03_PRESSURE,PLT-09-U03,OT-00897,bar,1,30,NO
PLT-09-U03_FLOW,PLT-09-U03,OT-00897,m3_h,10,500,YES
PLT-09-U03_VIBRATION,PLT-09-U03,OT-00897,mm_s,0.1,12,YES
PLT-09-U04_TEMP,PLT-09-U04,OT-00897,C,20,220,NO
PLT-09-U04_PRESSURE,PLT-09-U04,OT-00897,bar,1,30,YES
PLT-09-U04_FLOW,PLT-09-U04,OT-00897,m3_h,10,500,YES
PLT-09-U04_VIBRATION,PLT-09-U04,OT-00897,mm_s,0.1,12,YES
PLT-09-U05_TEMP,PLT-09-U05,OT-00958,C,20,220,YES
PLT-09-U05_PRESSURE,PLT-09-U05,OT-00958,bar,1,30,YES
PLT-09-U05_FLOW,PLT-09-U05,OT-00958,m3_h,10,500,YES
PLT-09-U05_VIBRATION,PLT-09-U05,OT-00958,mm_s,0.1,12,YES
PLT-09-U06_TEMP,PLT-09-U06,OT-00938,C,20,220,YES
PLT-09-U06_PRESSURE,PLT-09-U06,OT-00938,bar,1,30,YES
PLT-09-U06_FLOW,PLT-09-U06,OT-00938,m3_h,10,500,YES
PLT-09-U06_VIBRATION,PLT-09-U06,OT-00938,mm_s,0.1,12,YES
PLT-09-U07_TEMP,PLT-09-U07,OT-00887,C,20,220,YES
PLT-09-U07_PRESSURE,PLT-09-U07,OT-00887,bar,1,30,YES
PLT-09-U07_FLOW,PLT-09-U07,OT-00887,m3_h,10,500,YES
PLT-09-U07_VIBRATION,PLT-09-U07,OT-00887,mm_s,0.1,12,YES
PLT-09-U08_TEMP,PLT-09-U08,OT-00910,C,20,220,YES
PLT-09-U08_PRESSURE,PLT-09-U08,OT-00910,bar,1,30,YES
PLT-09-U08_FLOW,PLT-09-U08,OT-00910,m3_h,10,500,YES
PLT-09-U08_VIBRATION,PLT-09-U08,OT-00910,mm_s,0.1,12,YES
PLT-09-U09_TEMP,PLT-09-U09,OT-00985,C,20,220,YES
PLT-09-U09_PRESSURE,PLT-09-U09,OT-00985,bar,1,30,YES
PLT-09-U09_FLOW,PLT-09-U09,OT-00985,m3_h,10,500,NO
PLT-09-U09_VIBRATION,PLT-09-U09,OT-00985,mm_s,0.1,12,YES
PLT-09-U10_TEMP,PLT-09-U10,OT-00985,C,20,220,YES
PLT-09-U10_PRESSURE,PLT-09-U10,OT-00985,bar,1,30,YES
PLT-09-U10_FLOW,PLT-09-U10,OT-00985,m3_h,10,500,YES
PLT-09-U10_VIBRATION,PLT-09-U10,OT-00985,mm_s,0.1,12,YES
PLT-09-U11_TEMP,PLT-09-U11,OT-00896,C,20,220,YES
PLT-09-U11_PRESSURE,PLT-09-U11,OT-00896,bar,1,30,YES
PLT-09-U11_FLOW,PLT-09-U11,OT-00896,m3_h,10,500,YES
PLT-09-U11_VIBRATION,PLT-09-U11,OT-00896,mm_s,0.1,12,YES
PLT-09-U12_TEMP,PLT-09-U12,OT-00963,C,20,220,YES
PLT-09-U12_PRESSURE,PLT-09-U12,OT-00963,bar,1,30,YES
PLT-09-U12_FLOW,PLT-09-U12,OT-00963,m3_h,10,500,YES
PLT-09-U12_VIBRATION,PLT-09-U12,OT-00963,mm_s,0.1,12,YES
PLT-10-U01_TEMP,PLT-10-U01,OT-01040,C,20,220,YES
PLT-10-U01_PRESSURE,PLT-10-U01,OT-01040,bar,1,30,YES
PLT-10-U01_FLOW,PLT-10-U01,OT-01040,m3_h,10,500,YES
PLT-10-U01_VIBRATION,PLT-10-U01,OT-01040,mm_s,0.1,12,YES
PLT-10-U02_TEMP,PLT-10-U02,OT-01012,C,20,220,YES
PLT-10-U02_PRESSURE,PLT-10-U02,OT-01012,bar,1,30,YES
PLT-10-U02_FLOW,PLT-10-U02,OT-01012,m3_h,10,500,YES
PLT-10-U02_VIBRATION,PLT-10-U02,OT-01012,mm_s,0.1,12,YES
PLT-10-U03_TEMP,PLT-10-U03,OT-01044,C,20,220,YES
PLT-10-U03_PRESSURE,PLT-10-U03,OT-01044,bar,1,30,YES
PLT-10-U03_FLOW,PLT-10-U03,OT-01044,m3_h,10,500,NO
PLT-10-U03_VIBRATION,PLT-10-U03,OT-01044,mm_s,0.1,12,YES
PLT-10-U04_TEMP,PLT-10-U04,OT-01063,C,20,220,NO
PLT-10-U04_PRESSURE,PLT-10-U04,OT-01063,bar,1,30,YES
PLT-10-U04_FLOW,PLT-10-U04,OT-01063,m3_h,10,500,YES
PLT-10-U04_VIBRATION,PLT-10-U04,OT-01063,mm_s,0.1,12,YES
PLT-10-U05_TEMP,PLT-10-U05,OT-00991,C,20,220,YES
PLT-10-U05_PRESSURE,PLT-10-U05,OT-00991,bar,1,30,YES
PLT-10-U05_FLOW,PLT-10-U05,OT-00991,m3_h,10,500,YES
PLT-10-U05_VIBRATION,PLT-10-U05,OT-00991,mm_s,0.1,12,YES
PLT-10-U06_TEMP,PLT-10-U06,OT-01016,C,20,220,YES
PLT-10-U06_PRESSURE,PLT-10-U06,OT-01016,bar,1,30,YES
PLT-10-U06_FLOW,PLT-10-U06,OT-01016,m3_h,10,500,YES
PLT-10-U06_VIBRATION,PLT-10-U06,OT-01016,mm_s,0.1,12,YES
PLT-10-U07_TEMP,PLT-10-U07,OT-00992,C,20,220,YES
PLT-10-U07_PRESSURE,PLT-10-U07,OT-00992,bar,1,30,YES
PLT-10-U07_FLOW,PLT-10-U07,OT-00992,m3_h,10,500,YES
PLT-10-U07_VIBRATION,PLT-10-U07,OT-00992,mm_s,0.1,12,YES
PLT-10-U08_TEMP,PLT-10-U08,OT-01094,C,20,220,YES
PLT-10-U08_PRESSURE,PLT-10-U08,OT-01094,bar,1,30,YES
PLT-10-U08_FLOW,PLT-10-U08,OT-01094,m3_h,10,500,YES
PLT-10-U08_VIBRATION,PLT-10-U08,OT-01094,mm_s,0.1,12,YES
PLT-10-U09_TEMP,PLT-10-U09,OT-01062,C,20,220,YES
PLT-10-U09_PRESSURE,PLT-10-U09,OT-01062,bar,1,30,YES
PLT-10-U09_FLOW,PLT-10-U09,OT-01062,m3_h,10,500,YES
PLT-10-U09_VIBRATION,PLT-10-U09,OT-01062,mm_s,0.1,12,YES
PLT-10-U10_TEMP,PLT-10-U10,OT-01088,C,20,220,YES
PLT-10-U10_PRESSURE,PLT-10-U10,OT-01088,bar,1,30,YES
PLT-10-U10_FLOW,PLT-10-U10,OT-01088,m3_h,10,500,YES
PLT-10-U10_VIBRATION,PLT-10-U10,OT-01088,mm_s,0.1,12,YES
PLT-10-U11_TEMP,PLT-10-U11,OT-01044,C,20,220,YES
PLT-10-U11_PRESSURE,PLT-10-U11,OT-01044,bar,1,30,YES
PLT-10-U11_FLOW,PLT-10-U11,OT-01044,m3_h,10,500,YES
PLT-10-U11_VIBRATION,PLT-10-U11,OT-01044,mm_s,0.1,12,YES
PLT-10-U12_TEMP,PLT-10-U12,OT-00991,C,20,220,YES
PLT-10-U12_PRESSURE,PLT-10-U12,OT-00991,bar,1,30,YES
PLT-10-U12_FLOW,PLT-10-U12,OT-00991,m3_h,10,500,YES
PLT-10-U12_VIBRATION,PLT-10-U12,OT-00991,mm_s,0.1,12,YES
PLT-11-U01_TEMP,PLT-11-U01,OT-01127,C,20,220,YES
PLT-11-U01_PRESSURE,PLT-11-U01,OT-01127,bar,1,30,YES
PLT-11-U01_FLOW,PLT-11-U01,OT-01127,m3_h,10,500,YES
PLT-11-U01_VIBRATION,PLT-11-U01,OT-01127,mm_s,0.1,12,YES
PLT-11-U02_TEMP,PLT-11-U02,OT-01126,C,20,220,YES
PLT-11-U02_PRESSURE,PLT-11-U02,OT-01126,bar,1,30,YES
PLT-11-U02_FLOW,PLT-11-U02,OT-01126,m3_h,10,500,YES
PLT-11-U02_VIBRATION,PLT-11-U02,OT-01126,mm_s,0.1,12,YES
PLT-11-U03_TEMP,PLT-11-U03,OT-01163,C,20,220,YES
PLT-11-U03_PRESSURE,PLT-11-U03,OT-01163,bar,1,30,YES
PLT-11-U03_FLOW,PLT-11-U03,OT-01163,m3_h,10,500,YES
PLT-11-U03_VIBRATION,PLT-11-U03,OT-01163,mm_s,0.1,12,YES
PLT-11-U04_TEMP,PLT-11-U04,OT-01166,C,20,220,YES
PLT-11-U04_PRESSURE,PLT-11-U04,OT-01166,bar,1,30,NO
PLT-11-U04_FLOW,PLT-11-U04,OT-01166,m3_h,10,500,YES
PLT-11-U04_VIBRATION,PLT-11-U04,OT-01166,mm_s,0.1,12,YES
PLT-11-U05_TEMP,PLT-11-U05,OT-01104,C,20,220,YES
PLT-11-U05_PRESSURE,PLT-11-U05,OT-01104,bar,1,30,YES
PLT-11-U05_FLOW,PLT-11-U05,OT-01104,m3_h,10,500,YES
PLT-11-U05_VIBRATION,PLT-11-U05,OT-01104,mm_s,0.1,12,YES
PLT-11-U06_TEMP,PLT-11-U06,OT-01180,C,20,220,YES
PLT-11-U06_PRESSURE,PLT-11-U06,OT-01180,bar,1,30,YES
PLT-11-U06_FLOW,PLT-11-U06,OT-01180,m3_h,10,500,YES
PLT-11-U06_VIBRATION,PLT-11-U06,OT-01180,mm_s,0.1,12,YES
PLT-11-U07_TEMP,PLT-11-U07,OT-01185,C,20,220,YES
PLT-11-U07_PRESSURE,PLT-11-U07,OT-01185,bar,1,30,YES
PLT-11-U07_FLOW,PLT-11-U07,OT-01185,m3_h,10,500,YES
PLT-11-U07_VIBRATION,PLT-11-U07,OT-01185,mm_s,0.1,12,YES
PLT-11-U08_TEMP,PLT-11-U08,OT-01179,C,20,220,YES
PLT-11-U08_PRESSURE,PLT-11-U08,OT-01179,bar,1,30,YES
PLT-11-U08_FLOW,PLT-11-U08,OT-01179,m3_h,10,500,YES
PLT-11-U08_VIBRATION,PLT-11-U08,OT-01179,mm_s,0.1,12,NO
PLT-11-U09_TEMP,PLT-11-U09,OT-01163,C,20,220,YES
PLT-11-U09_PRESSURE,PLT-11-U09,OT-01163,bar,1,30,YES
PLT-11-U09_FLOW,PLT-11-U09,OT-01163,m3_h,10,500,YES
PLT-11-U09_VIBRATION,PLT-11-U09,OT-01163,mm_s,0.1,12,YES
PLT-11-U10_TEMP,PLT-11-U10,OT-01171,C,20,220,YES
PLT-11-U10_PRESSURE,PLT-11-U10,OT-01171,bar,1,30,YES
PLT-11-U10_FLOW,PLT-11-U10,OT-01171,m3_h,10,500,YES
PLT-11-U10_VIBRATION,PLT-11-U10,OT-01171,mm_s,0.1,12,YES
PLT-11-U11_TEMP,PLT-11-U11,OT-01126,C,20,220,YES
PLT-11-U11_PRESSURE,PLT-11-U11,OT-01126,bar,1,30,YES
PLT-11-U11_FLOW,PLT-11-U11,OT-01126,m3_h,10,500,NO
PLT-11-U11_VIBRATION,PLT-11-U11,OT-01126,mm_s,0.1,12,YES
PLT-11-U12_TEMP,PLT-11-U12,OT-01176,C,20,220,YES
PLT-11-U12_PRESSURE,PLT-11-U12,OT-01176,bar,1,30,YES
PLT-11-U12_FLOW,PLT-11-U12,OT-01176,m3_h,10,500,YES
PLT-11-U12_VIBRATION,PLT-11-U12,OT-01176,mm_s,0.1,12,YES
PLT-12-U01_TEMP,PLT-12-U01,OT-01291,C,20,220,YES
PLT-12-U01_PRESSURE,PLT-12-U01,OT-01291,bar,1,30,YES
PLT-12-U01_FLOW,PLT-12-U01,OT-01291,m3_h,10,500,YES
PLT-12-U01_VIBRATION,PLT-12-U01,OT-01291,mm_s,0.1,12,YES
PLT-12-U02_TEMP,PLT-12-U02,OT-01293,C,20,220,YES
PLT-12-U02_PRESSURE,PLT-12-U02,OT-01293,bar,1,30,YES
PLT-12-U02_FLOW,PLT-12-U02,OT-01293,m3_h,10,500,YES
PLT-12-U02_VIBRATION,PLT-12-U02,OT-01293,mm_s,0.1,12,YES
PLT-12-U03_TEMP,PLT-12-U03,OT-01290,C,20,220,YES
PLT-12-U03_PRESSURE,PLT-12-U03,OT-01290,bar,1,30,YES
PLT-12-U03_FLOW,PLT-12-U03,OT-01290,m3_h,10,500,YES
PLT-12-U03_VIBRATION,PLT-12-U03,OT-01290,mm_s,0.1,12,YES
PLT-12-U04_TEMP,PLT-12-U04,OT-01223,C,20,220,YES
PLT-12-U04_PRESSURE,PLT-12-U04,OT-01223,bar,1,30,YES
PLT-12-U04_FLOW,PLT-12-U04,OT-01223,m3_h,10,500,YES
PLT-12-U04_VIBRATION,PLT-12-U04,OT-01223,mm_s,0.1,12,YES
PLT-12-U05_TEMP,PLT-12-U05,OT-01235,C,20,220,YES
PLT-12-U05_PRESSURE,PLT-12-U05,OT-01235,bar,1,30,YES
PLT-12-U05_FLOW,PLT-12-U05,OT-01235,m3_h,10,500,YES
PLT-12-U05_VIBRATION,PLT-12-U05,OT-01235,mm_s,0.1,12,YES
PLT-12-U06_TEMP,PLT-12-U06,OT-01294,C,20,220,YES
PLT-12-U06_PRESSURE,PLT-12-U06,OT-01294,bar,1,30,NO
PLT-12-U06_FLOW,PLT-12-U06,OT-01294,m3_h,10,500,YES
PLT-12-U06_VIBRATION,PLT-12-U06,OT-01294,mm_s,0.1,12,NO
PLT-12-U07_TEMP,PLT-12-U07,OT-01244,C,20,220,YES
PLT-12-U07_PRESSURE,PLT-12-U07,OT-01244,bar,1,30,YES
PLT-12-U07_FLOW,PLT-12-U07,OT-01244,m3_h,10,500,YES
PLT-12-U07_VIBRATION,PLT-12-U07,OT-01244,mm_s,0.1,12,YES
PLT-12-U08_TEMP,PLT-12-U08,OT-01290,C,20,220,YES
PLT-12-U08_PRESSURE,PLT-12-U08,OT-01290,bar,1,30,YES
PLT-12-U08_FLOW,PLT-12-U08,OT-01290,m3_h,10,500,YES
PLT-12-U08_VIBRATION,PLT-12-U08,OT-01290,mm_s,0.1,12,YES
PLT-12-U09_TEMP,PLT-12-U09,OT-01223,C,20,220,YES
PLT-12-U09_PRESSURE,PLT-12-U09,OT-01223,bar,1,30,YES
PLT-12-U09_FLOW,PLT-12-U09,OT-01223,m3_h,10,500,YES
PLT-12-U09_VIBRATION,PLT-12-U09,OT-01223,mm_s,0.1,12,YES
PLT-12-U10_TEMP,PLT-12-U10,OT-01293,C,20,220,YES
PLT-12-U10_PRESSURE,PLT-12-U10,OT-01293,bar,1,30,YES
PLT-12-U10_FLOW,PLT-12-U10,OT-01293,m3_h,10,500,YES
PLT-12-U10_VIBRATION,PLT-12-U10,OT-01293,mm_s,0.1,12,YES
PLT-12-U11_TEMP,PLT-12-U11,OT-01234,C,20,220,YES
PLT-12-U11_PRESSURE,PLT-12-U11,OT-01234,bar,1,30,YES
PLT-12-U11_FLOW,PLT-12-U11,OT-01234,m3_h,10,500,YES
PLT-12-U11_VIBRATION,PLT-12-U11,OT-01234,mm_s,0.1,12,YES
PLT-12-U12_TEMP,PLT-12-U12,OT-01292,C,20,220,YES
PLT-12-U12_PRESSURE,PLT-12-U12,OT-01292,bar,1,30,YES
PLT-12-U12_FLOW,PLT-12-U12,OT-01292,m3_h,10,500,YES
PLT-12-U12_VIBRATION,PLT-12-U12,OT-01292,mm_s,0.1,12,YES
PLT-13-U01_TEMP,PLT-13-U01,OT-01368,C,20,220,NO
PLT-13-U01_PRESSURE,PLT-13-U01,OT-01368,bar,1,30,YES
PLT-13-U01_FLOW,PLT-13-U01,OT-01368,m3_h,10,500,YES
PLT-13-U01_VIBRATION,PLT-13-U01,OT-01368,mm_s,0.1,12,YES
PLT-13-U02_TEMP,PLT-13-U02,OT-01378,C,20,220,YES
PLT-13-U02_PRESSURE,PLT-13-U02,OT-01378,bar,1,30,YES
PLT-13-U02_FLOW,PLT-13-U02,OT-01378,m3_h,10,500,YES
PLT-13-U02_VIBRATION,PLT-13-U02,OT-01378,mm_s,0.1,12,YES
PLT-13-U03_TEMP,PLT-13-U03,OT-01399,C,20,220,YES
PLT-13-U03_PRESSURE,PLT-13-U03,OT-01399,bar,1,30,YES
PLT-13-U03_FLOW,PLT-13-U03,OT-01399,m3_h,10,500,YES
PLT-13-U03_VIBRATION,PLT-13-U03,OT-01399,mm_s,0.1,12,YES
PLT-13-U04_TEMP,PLT-13-U04,OT-01422,C,20,220,YES
PLT-13-U04_PRESSURE,PLT-13-U04,OT-01422,bar,1,30,YES
PLT-13-U04_FLOW,PLT-13-U04,OT-01422,m3_h,10,500,YES
PLT-13-U04_VIBRATION,PLT-13-U04,OT-01422,mm_s,0.1,12,YES
PLT-13-U05_TEMP,PLT-13-U05,OT-01415,C,20,220,YES
PLT-13-U05_PRESSURE,PLT-13-U05,OT-01415,bar,1,30,YES
PLT-13-U05_FLOW,PLT-13-U05,OT-01415,m3_h,10,500,YES
PLT-13-U05_VIBRATION,PLT-13-U05,OT-01415,mm_s,0.1,12,YES
PLT-13-U06_TEMP,PLT-13-U06,OT-01418,C,20,220,YES
PLT-13-U06_PRESSURE,PLT-13-U06,OT-01418,bar,1,30,YES
PLT-13-U06_FLOW,PLT-13-U06,OT-01418,m3_h,10,500,YES
PLT-13-U06_VIBRATION,PLT-13-U06,OT-01418,mm_s,0.1,12,YES
PLT-13-U07_TEMP,PLT-13-U07,OT-01422,C,20,220,YES
PLT-13-U07_PRESSURE,PLT-13-U07,OT-01422,bar,1,30,YES
PLT-13-U07_FLOW,PLT-13-U07,OT-01422,m3_h,10,500,YES
PLT-13-U07_VIBRATION,PLT-13-U07,OT-01422,mm_s,0.1,12,YES
PLT-13-U08_TEMP,PLT-13-U08,OT-01408,C,20,220,YES
PLT-13-U08_PRESSURE,PLT-13-U08,OT-01408,bar,1,30,YES
PLT-13-U08_FLOW,PLT-13-U08,OT-01408,m3_h,10,500,YES
PLT-13-U08_VIBRATION,PLT-13-U08,OT-01408,mm_s,0.1,12,YES
PLT-13-U09_TEMP,PLT-13-U09,OT-01371,C,20,220,YES
PLT-13-U09_PRESSURE,PLT-13-U09,OT-01371,bar,1,30,YES
PLT-13-U09_FLOW,PLT-13-U09,OT-01371,m3_h,10,500,YES
PLT-13-U09_VIBRATION,PLT-13-U09,OT-01371,mm_s,0.1,12,NO
PLT-13-U10_TEMP,PLT-13-U10,OT-01365,C,20,220,NO
PLT-13-U10_PRESSURE,PLT-13-U10,OT-01365,bar,1,30,YES
PLT-13-U10_FLOW,PLT-13-U10,OT-01365,m3_h,10,500,YES
PLT-13-U10_VIBRATION,PLT-13-U10,OT-01365,mm_s,0.1,12,YES
PLT-13-U11_TEMP,PLT-13-U11,OT-01387,C,20,220,YES
PLT-13-U11_PRESSURE,PLT-13-U11,OT-01387,bar,1,30,YES
PLT-13-U11_FLOW,PLT-13-U11,OT-01387,m3_h,10,500,YES
PLT-13-U11_VIBRATION,PLT-13-U11,OT-01387,mm_s,0.1,12,YES
PLT-13-U12_TEMP,PLT-13-U12,OT-01343,C,20,220,YES
PLT-13-U12_PRESSURE,PLT-13-U12,OT-01343,bar,1,30,YES
PLT-13-U12_FLOW,PLT-13-U12,OT-01343,m3_h,10,500,YES
PLT-13-U12_VIBRATION,PLT-13-U12,OT-01343,mm_s,0.1,12,YES
PLT-14-U01_TEMP,PLT-14-U01,OT-01435,C,20,220,YES
PLT-14-U01_PRESSURE,PLT-14-U01,OT-01435,bar,1,30,YES
PLT-14-U01_FLOW,PLT-14-U01,OT-01435,m3_h,10,500,YES
PLT-14-U01_VIBRATION,PLT-14-U01,OT-01435,mm_s,0.1,12,YES
PLT-14-U02_TEMP,PLT-14-U02,OT-01473,C,20,220,YES
PLT-14-U02_PRESSURE,PLT-14-U02,OT-01473,bar,1,30,YES
PLT-14-U02_FLOW,PLT-14-U02,OT-01473,m3_h,10,500,YES
PLT-14-U02_VIBRATION,PLT-14-U02,OT-01473,mm_s,0.1,12,YES
PLT-14-U03_TEMP,PLT-14-U03,OT-01440,C,20,220,YES
PLT-14-U03_PRESSURE,PLT-14-U03,OT-01440,bar,1,30,YES
PLT-14-U03_FLOW,PLT-14-U03,OT-01440,m3_h,10,500,YES
PLT-14-U03_VIBRATION,PLT-14-U03,OT-01440,mm_s,0.1,12,YES
PLT-14-U04_TEMP,PLT-14-U04,OT-01442,C,20,220,YES
PLT-14-U04_PRESSURE,PLT-14-U04,OT-01442,bar,1,30,YES
PLT-14-U04_FLOW,PLT-14-U04,OT-01442,m3_h,10,500,YES
PLT-14-U04_VIBRATION,PLT-14-U04,OT-01442,mm_s,0.1,12,YES
PLT-14-U05_TEMP,PLT-14-U05,OT-01447,C,20,220,YES
PLT-14-U05_PRESSURE,PLT-14-U05,OT-01447,bar,1,30,YES
PLT-14-U05_FLOW,PLT-14-U05,OT-01447,m3_h,10,500,YES
PLT-14-U05_VIBRATION,PLT-14-U05,OT-01447,mm_s,0.1,12,YES
PLT-14-U06_TEMP,PLT-14-U06,OT-01447,C,20,220,YES
PLT-14-U06_PRESSURE,PLT-14-U06,OT-01447,bar,1,30,YES
PLT-14-U06_FLOW,PLT-14-U06,OT-01447,m3_h,10,500,NO
PLT-14-U06_VIBRATION,PLT-14-U06,OT-01447,mm_s,0.1,12,YES
PLT-14-U07_TEMP,PLT-14-U07,OT-01451,C,20,220,YES
PLT-14-U07_PRESSURE,PLT-14-U07,OT-01451,bar,1,30,YES
PLT-14-U07_FLOW,PLT-14-U07,OT-01451,m3_h,10,500,YES
PLT-14-U07_VIBRATION,PLT-14-U07,OT-01451,mm_s,0.1,12,YES
PLT-14-U08_TEMP,PLT-14-U08,OT-01508,C,20,220,NO
PLT-14-U08_PRESSURE,PLT-14-U08,OT-01508,bar,1,30,YES
PLT-14-U08_FLOW,PLT-14-U08,OT-01508,m3_h,10,500,YES
PLT-14-U08_VIBRATION,PLT-14-U08,OT-01508,mm_s,0.1,12,YES
PLT-14-U09_TEMP,PLT-14-U09,OT-01431,C,20,220,YES
PLT-14-U09_PRESSURE,PLT-14-U09,OT-01431,bar,1,30,YES
PLT-14-U09_FLOW,PLT-14-U09,OT-01431,m3_h,10,500,YES
PLT-14-U09_VIBRATION,PLT-14-U09,OT-01431,mm_s,0.1,12,YES
PLT-14-U10_TEMP,PLT-14-U10,OT-01435,C,20,220,YES
PLT-14-U10_PRESSURE,PLT-14-U10,OT-01435,bar,1,30,YES
PLT-14-U10_FLOW,PLT-14-U10,OT-01435,m3_h,10,500,YES
PLT-14-U10_VIBRATION,PLT-14-U10,OT-01435,mm_s,0.1,12,YES
PLT-14-U11_TEMP,PLT-14-U11,OT-01483,C,20,220,YES
PLT-14-U11_PRESSURE,PLT-14-U11,OT-01483,bar,1,30,YES
PLT-14-U11_FLOW,PLT-14-U11,OT-01483,m3_h,10,500,YES
PLT-14-U11_VIBRATION,PLT-14-U11,OT-01483,mm_s,0.1,12,YES
PLT-14-U12_TEMP,PLT-14-U12,OT-01486,C,20,220,YES
PLT-14-U12_PRESSURE,PLT-14-U12,OT-01486,bar,1,30,YES
PLT-14-U12_FLOW,PLT-14-U12,OT-01486,m3_h,10,500,YES
PLT-14-U12_VIBRATION,PLT-14-U12,OT-01486,mm_s,0.1,12,YES
PLT-15-U01_TEMP,PLT-15-U01,OT-01601,C,20,220,YES
PLT-15-U01_PRESSURE,PLT-15-U01,OT-01601,bar,1,30,YES
PLT-15-U01_FLOW,PLT-15-U01,OT-01601,m3_h,10,500,YES
PLT-15-U01_VIBRATION,PLT-15-U01,OT-01601,mm_s,0.1,12,YES
PLT-15-U02_TEMP,PLT-15-U02,OT-01555,C,20,220,YES
PLT-15-U02_PRESSURE,PLT-15-U02,OT-01555,bar,1,30,YES
PLT-15-U02_FLOW,PLT-15-U02,OT-01555,m3_h,10,500,YES
PLT-15-U02_VIBRATION,PLT-15-U02,OT-01555,mm_s,0.1,12,YES
PLT-15-U03_TEMP,PLT-15-U03,OT-01642,C,20,220,YES
PLT-15-U03_PRESSURE,PLT-15-U03,OT-01642,bar,1,30,YES
PLT-15-U03_FLOW,PLT-15-U03,OT-01642,m3_h,10,500,NO
PLT-15-U03_VIBRATION,PLT-15-U03,OT-01642,mm_s,0.1,12,YES
PLT-15-U04_TEMP,PLT-15-U04,OT-01588,C,20,220,YES
PLT-15-U04_PRESSURE,PLT-15-U04,OT-01588,bar,1,30,YES
PLT-15-U04_FLOW,PLT-15-U04,OT-01588,m3_h,10,500,YES
PLT-15-U04_VIBRATION,PLT-15-U04,OT-01588,mm_s,0.1,12,NO
PLT-15-U05_TEMP,PLT-15-U05,OT-01641,C,20,220,YES
PLT-15-U05_PRESSURE,PLT-15-U05,OT-01641,bar,1,30,YES
PLT-15-U05_FLOW,PLT-15-U05,OT-01641,m3_h,10,500,YES
PLT-15-U05_VIBRATION,PLT-15-U05,OT-01641,mm_s,0.1,12,YES
PLT-15-U06_TEMP,PLT-15-U06,OT-01622,C,20,220,YES
PLT-15-U06_PRESSURE,PLT-15-U06,OT-01622,bar,1,30,YES
PLT-15-U06_FLOW,PLT-15-U06,OT-01622,m3_h,10,500,YES
PLT-15-U06_VIBRATION,PLT-15-U06,OT-01622,mm_s,0.1,12,YES
PLT-15-U07_TEMP,PLT-15-U07,OT-01607,C,20,220,YES
PLT-15-U07_PRESSURE,PLT-15-U07,OT-01607,bar,1,30,YES
PLT-15-U07_FLOW,PLT-15-U07,OT-01607,m3_h,10,500,YES
PLT-15-U07_VIBRATION,PLT-15-U07,OT-01607,mm_s,0.1,12,YES
PLT-15-U08_TEMP,PLT-15-U08,OT-01586,C,20,220,YES
PLT-15-U08_PRESSURE,PLT-15-U08,OT-01586,bar,1,30,YES
PLT-15-U08_FLOW,PLT-15-U08,OT-01586,m3_h,10,500,YES
PLT-15-U08_VIBRATION,PLT-15-U08,OT-01586,mm_s,0.1,12,YES
PLT-15-U09_TEMP,PLT-15-U09,OT-01633,C,20,220,YES
PLT-15-U09_PRESSURE,PLT-15-U09,OT-01633,bar,1,30,YES
PLT-15-U09_FLOW,PLT-15-U09,OT-01633,m3_h,10,500,YES
PLT-15-U09_VIBRATION,PLT-15-U09,OT-01633,mm_s,0.1,12,YES
PLT-15-U10_TEMP,PLT-15-U10,OT-01642,C,20,220,NO
PLT-15-U10_PRESSURE,PLT-15-U10,OT-01642,bar,1,30,YES
PLT-15-U10_FLOW,PLT-15-U10,OT-01642,m3_h,10,500,YES
PLT-15-U10_VIBRATION,PLT-15-U10,OT-01642,mm_s,0.1,12,YES
PLT-15-U11_TEMP,PLT-15-U11,OT-01659,C,20,220,YES
PLT-15-U11_PRESSURE,PLT-15-U11,OT-01659,bar,1,30,YES
PLT-15-U11_FLOW,PLT-15-U11,OT-01659,m3_h,10,500,YES
PLT-15-U11_VIBRATION,PLT-15-U11,OT-01659,mm_s,0.1,12,YES
PLT-15-U12_TEMP,PLT-15-U12,OT-01633,C,20,220,YES
PLT-15-U12_PRESSURE,PLT-15-U12,OT-01633,bar,1,30,NO
PLT-15-U12_FLOW,PLT-15-U12,OT-01633,m3_h,10,500,YES
PLT-15-U12_VIBRATION,PLT-15-U12,OT-01633,mm_s,0.1,12,YES
PLT-16-U01_TEMP,PLT-16-U01,OT-01734,C,20,220,YES
PLT-16-U01_PRESSURE,PLT-16-U01,OT-01734,bar,1,30,YES
PLT-16-U01_FLOW,PLT-16-U01,OT-01734,m3_h,10,500,YES
PLT-16-U01_VIBRATION,PLT-16-U01,OT-01734,mm_s,0.1,12,YES
PLT-16-U02_TEMP,PLT-16-U02,OT-01777,C,20,220,YES
PLT-16-U02_PRESSURE,PLT-16-U02,OT-01777,bar,1,30,YES
PLT-16-U02_FLOW,PLT-16-U02,OT-01777,m3_h,10,500,YES
PLT-16-U02_VIBRATION,PLT-16-U02,OT-01777,mm_s,0.1,12,YES
PLT-16-U03_TEMP,PLT-16-U03,OT-01678,C,20,220,YES
PLT-16-U03_PRESSURE,PLT-16-U03,OT-01678,bar,1,30,YES
PLT-16-U03_FLOW,PLT-16-U03,OT-01678,m3_h,10,500,YES
PLT-16-U03_VIBRATION,PLT-16-U03,OT-01678,mm_s,0.1,12,YES
PLT-16-U04_TEMP,PLT-16-U04,OT-01781,C,20,220,YES
PLT-16-U04_PRESSURE,PLT-16-U04,OT-01781,bar,1,30,YES
PLT-16-U04_FLOW,PLT-16-U04,OT-01781,m3_h,10,500,YES
PLT-16-U04_VIBRATION,PLT-16-U04,OT-01781,mm_s,0.1,12,YES
PLT-16-U05_TEMP,PLT-16-U05,OT-01718,C,20,220,YES
PLT-16-U05_PRESSURE,PLT-16-U05,OT-01718,bar,1,30,YES
PLT-16-U05_FLOW,PLT-16-U05,OT-01718,m3_h,10,500,YES
PLT-16-U05_VIBRATION,PLT-16-U05,OT-01718,mm_s,0.1,12,YES
PLT-16-U06_TEMP,PLT-16-U06,OT-01718,C,20,220,YES
PLT-16-U06_PRESSURE,PLT-16-U06,OT-01718,bar,1,30,YES
PLT-16-U06_FLOW,PLT-16-U06,OT-01718,m3_h,10,500,YES
PLT-16-U06_VIBRATION,PLT-16-U06,OT-01718,mm_s,0.1,12,YES
PLT-16-U07_TEMP,PLT-16-U07,OT-01723,C,20,220,YES
PLT-16-U07_PRESSURE,PLT-16-U07,OT-01723,bar,1,30,YES
PLT-16-U07_FLOW,PLT-16-U07,OT-01723,m3_h,10,500,YES
PLT-16-U07_VIBRATION,PLT-16-U07,OT-01723,mm_s,0.1,12,YES
PLT-16-U08_TEMP,PLT-16-U08,OT-01718,C,20,220,YES
PLT-16-U08_PRESSURE,PLT-16-U08,OT-01718,bar,1,30,YES
PLT-16-U08_FLOW,PLT-16-U08,OT-01718,m3_h,10,500,YES
PLT-16-U08_VIBRATION,PLT-16-U08,OT-01718,mm_s,0.1,12,YES
PLT-16-U09_TEMP,PLT-16-U09,OT-01718,C,20,220,YES
PLT-16-U09_PRESSURE,PLT-16-U09,OT-01718,bar,1,30,YES
PLT-16-U09_FLOW,PLT-16-U09,OT-01718,m3_h,10,500,YES
PLT-16-U09_VIBRATION,PLT-16-U09,OT-01718,mm_s,0.1,12,YES
PLT-16-U10_TEMP,PLT-16-U10,OT-01720,C,20,220,YES
PLT-16-U10_PRESSURE,PLT-16-U10,OT-01720,bar,1,30,YES
PLT-16-U10_FLOW,PLT-16-U10,OT-01720,m3_h,10,500,YES
PLT-16-U10_VIBRATION,PLT-16-U10,OT-01720,mm_s,0.1,12,NO
PLT-16-U11_TEMP,PLT-16-U11,OT-01692,C,20,220,YES
PLT-16-U11_PRESSURE,PLT-16-U11,OT-01692,bar,1,30,YES
PLT-16-U11_FLOW,PLT-16-U11,OT-01692,m3_h,10,500,YES
PLT-16-U11_VIBRATION,PLT-16-U11,OT-01692,mm_s,0.1,12,YES
PLT-16-U12_TEMP,PLT-16-U12,OT-01721,C,20,220,YES
PLT-16-U12_PRESSURE,PLT-16-U12,OT-01721,bar,1,30,YES
PLT-16-U12_FLOW,PLT-16-U12,OT-01721,m3_h,10,500,YES
PLT-16-U12_VIBRATION,PLT-16-U12,OT-01721,mm_s,0.1,12,YES
PLT-17-U01_TEMP,PLT-17-U01,OT-01801,C,20,220,YES
PLT-17-U01_PRESSURE,PLT-17-U01,OT-01801,bar,1,30,NO
PLT-17-U01_FLOW,PLT-17-U01,OT-01801,m3_h,10,500,YES
PLT-17-U01_VIBRATION,PLT-17-U01,OT-01801,mm_s,0.1,12,YES
PLT-17-U02_TEMP,PLT-17-U02,OT-01895,C,20,220,YES
PLT-17-U02_PRESSURE,PLT-17-U02,OT-01895,bar,1,30,YES
PLT-17-U02_FLOW,PLT-17-U02,OT-01895,m3_h,10,500,YES
PLT-17-U02_VIBRATION,PLT-17-U02,OT-01895,mm_s,0.1,12,YES
PLT-17-U03_TEMP,PLT-17-U03,OT-01811,C,20,220,YES
PLT-17-U03_PRESSURE,PLT-17-U03,OT-01811,bar,1,30,YES
PLT-17-U03_FLOW,PLT-17-U03,OT-01811,m3_h,10,500,YES
PLT-17-U03_VIBRATION,PLT-17-U03,OT-01811,mm_s,0.1,12,YES
PLT-17-U04_TEMP,PLT-17-U04,OT-01872,C,20,220,YES
PLT-17-U04_PRESSURE,PLT-17-U04,OT-01872,bar,1,30,YES
PLT-17-U04_FLOW,PLT-17-U04,OT-01872,m3_h,10,500,YES
PLT-17-U04_VIBRATION,PLT-17-U04,OT-01872,mm_s,0.1,12,YES
PLT-17-U05_TEMP,PLT-17-U05,OT-01832,C,20,220,YES
PLT-17-U05_PRESSURE,PLT-17-U05,OT-01832,bar,1,30,YES
PLT-17-U05_FLOW,PLT-17-U05,OT-01832,m3_h,10,500,YES
PLT-17-U05_VIBRATION,PLT-17-U05,OT-01832,mm_s,0.1,12,YES
PLT-17-U06_TEMP,PLT-17-U06,OT-01821,C,20,220,YES
PLT-17-U06_PRESSURE,PLT-17-U06,OT-01821,bar,1,30,YES
PLT-17-U06_FLOW,PLT-17-U06,OT-01821,m3_h,10,500,YES
PLT-17-U06_VIBRATION,PLT-17-U06,OT-01821,mm_s,0.1,12,NO
PLT-17-U07_TEMP,PLT-17-U07,OT-01850,C,20,220,YES
PLT-17-U07_PRESSURE,PLT-17-U07,OT-01850,bar,1,30,NO
PLT-17-U07_FLOW,PLT-17-U07,OT-01850,m3_h,10,500,YES
PLT-17-U07_VIBRATION,PLT-17-U07,OT-01850,mm_s,0.1,12,YES
PLT-17-U08_TEMP,PLT-17-U08,OT-01843,C,20,220,YES
PLT-17-U08_PRESSURE,PLT-17-U08,OT-01843,bar,1,30,YES
PLT-17-U08_FLOW,PLT-17-U08,OT-01843,m3_h,10,500,YES
PLT-17-U08_VIBRATION,PLT-17-U08,OT-01843,mm_s,0.1,12,YES
PLT-17-U09_TEMP,PLT-17-U09,OT-01818,C,20,220,YES
PLT-17-U09_PRESSURE,PLT-17-U09,OT-01818,bar,1,30,YES
PLT-17-U09_FLOW,PLT-17-U09,OT-01818,m3_h,10,500,YES
PLT-17-U09_VIBRATION,PLT-17-U09,OT-01818,mm_s,0.1,12,YES
PLT-17-U10_TEMP,PLT-17-U10,OT-01832,C,20,220,YES
PLT-17-U10_PRESSURE,PLT-17-U10,OT-01832,bar,1,30,YES
PLT-17-U10_FLOW,PLT-17-U10,OT-01832,m3_h,10,500,YES
PLT-17-U10_VIBRATION,PLT-17-U10,OT-01832,mm_s,0.1,12,YES
PLT-17-U11_TEMP,PLT-17-U11,OT-01875,C,20,220,YES
PLT-17-U11_PRESSURE,PLT-17-U11,OT-01875,bar,1,30,YES
PLT-17-U11_FLOW,PLT-17-U11,OT-01875,m3_h,10,500,YES
PLT-17-U11_VIBRATION,PLT-17-U11,OT-01875,mm_s,0.1,12,YES
PLT-17-U12_TEMP,PLT-17-U12,OT-01871,C,20,220,YES
PLT-17-U12_PRESSURE,PLT-17-U12,OT-01871,bar,1,30,YES
PLT-17-U12_FLOW,PLT-17-U12,OT-01871,m3_h,10,500,YES
PLT-17-U12_VIBRATION,PLT-17-U12,OT-01871,mm_s,0.1,12,YES
PLT-18-U01_TEMP,PLT-18-U01,OT-01919,C,20,220,YES
PLT-18-U01_PRESSURE,PLT-18-U01,OT-01919,bar,1,30,YES
PLT-18-U01_FLOW,PLT-18-U01,OT-01919,m3_h,10,500,YES
PLT-18-U01_VIBRATION,PLT-18-U01,OT-01919,mm_s,0.1,12,YES
PLT-18-U02_TEMP,PLT-18-U02,OT-01953,C,20,220,YES
PLT-18-U02_PRESSURE,PLT-18-U02,OT-01953,bar,1,30,YES
PLT-18-U02_FLOW,PLT-18-U02,OT-01953,m3_h,10,500,YES
PLT-18-U02_VIBRATION,PLT-18-U02,OT-01953,mm_s,0.1,12,YES
PLT-18-U03_TEMP,PLT-18-U03,OT-01995,C,20,220,NO
PLT-18-U03_PRESSURE,PLT-18-U03,OT-01995,bar,1,30,YES
PLT-18-U03_FLOW,PLT-18-U03,OT-01995,m3_h,10,500,YES
PLT-18-U03_VIBRATION,PLT-18-U03,OT-01995,mm_s,0.1,12,YES
PLT-18-U04_TEMP,PLT-18-U04,OT-01976,C,20,220,YES
PLT-18-U04_PRESSURE,PLT-18-U04,OT-01976,bar,1,30,YES
PLT-18-U04_FLOW,PLT-18-U04,OT-01976,m3_h,10,500,YES
PLT-18-U04_VIBRATION,PLT-18-U04,OT-01976,mm_s,0.1,12,YES
PLT-18-U05_TEMP,PLT-18-U05,OT-02004,C,20,220,YES
PLT-18-U05_PRESSURE,PLT-18-U05,OT-02004,bar,1,30,YES
PLT-18-U05_FLOW,PLT-18-U05,OT-02004,m3_h,10,500,YES
PLT-18-U05_VIBRATION,PLT-18-U05,OT-02004,mm_s,0.1,12,YES
PLT-18-U06_TEMP,PLT-18-U06,OT-02004,C,20,220,YES
PLT-18-U06_PRESSURE,PLT-18-U06,OT-02004,bar,1,30,YES
PLT-18-U06_FLOW,PLT-18-U06,OT-02004,m3_h,10,500,NO
PLT-18-U06_VIBRATION,PLT-18-U06,OT-02004,mm_s,0.1,12,YES
PLT-18-U07_TEMP,PLT-18-U07,OT-01957,C,20,220,NO
PLT-18-U07_PRESSURE,PLT-18-U07,OT-01957,bar,1,30,YES
PLT-18-U07_FLOW,PLT-18-U07,OT-01957,m3_h,10,500,YES
PLT-18-U07_VIBRATION,PLT-18-U07,OT-01957,mm_s,0.1,12,YES
PLT-18-U08_TEMP,PLT-18-U08,OT-01999,C,20,220,YES
PLT-18-U08_PRESSURE,PLT-18-U08,OT-01999,bar,1,30,YES
PLT-18-U08_FLOW,PLT-18-U08,OT-01999,m3_h,10,500,YES
PLT-18-U08_VIBRATION,PLT-18-U08,OT-01999,mm_s,0.1,12,YES
PLT-18-U09_TEMP,PLT-18-U09,OT-01939,C,20,220,YES
PLT-18-U09_PRESSURE,PLT-18-U09,OT-01939,bar,1,30,YES
PLT-18-U09_FLOW,PLT-18-U09,OT-01939,m3_h,10,500,YES
PLT-18-U09_VIBRATION,PLT-18-U09,OT-01939,mm_s,0.1,12,YES
PLT-18-U10_TEMP,PLT-18-U10,OT-01900,C,20,220,YES
PLT-18-U10_PRESSURE,PLT-18-U10,OT-01900,bar,1,30,YES
PLT-18-U10_FLOW,PLT-18-U10,OT-01900,m3_h,10,500,YES
PLT-18-U10_VIBRATION,PLT-18-U10,OT-01900,mm_s,0.1,12,YES
PLT-18-U11_TEMP,PLT-18-U11,OT-01968,C,20,220,YES
PLT-18-U11_PRESSURE,PLT-18-U11,OT-01968,bar,1,30,YES
PLT-18-U11_FLOW,PLT-18-U11,OT-01968,m3_h,10,500,YES
PLT-18-U11_VIBRATION,PLT-18-U11,OT-01968,mm_s,0.1,12,YES
PLT-18-U12_TEMP,PLT-18-U12,OT-01962,C,20,220,YES
PLT-18-U12_PRESSURE,PLT-18-U12,OT-01962,bar,1,30,YES
PLT-18-U12_FLOW,PLT-18-U12,OT-01962,m3_h,10,500,YES
PLT-18-U12_VIBRATION,PLT-18-U12,OT-01962,mm_s,0.1,12,YES
