session_id,asset_id,plant_id,identity,method,approved_window,start_time,end_time,mfa
RA-00001,OT-01434,PLT-14,unknown,remote_desktop,YES,2026-09-14T04:20:00,2026-09-14T04:31:00,YES
RA-00002,OT-01645,PLT-15,vendor.engineer,local_service_laptop,YES,2026-09-16T23:20:00,2026-09-17T02:10:00,YES
RA-00003,OT-01609,PLT-15,vendor.engineer,remote_desktop,YES,2026-10-02T13:37:00,2026-10-02T15:13:00,YES
RA-00004,OT-00698,PLT-07,unknown,local_service_laptop,YES,2026-09-15T20:19:00,2026-09-15T21:20:00,YES
RA-00005,OT-01863,PLT-17,vendor.engineer,remote_desktop,YES,2026-09-11T15:32:00,2026-09-11T17:42:00,YES
RA-00006,OT-00625,PLT-06,shared_support,remote_desktop,YES,2026-09-26T06:38:00,2026-09-26T07:34:00,YES
RA-00007,OT-00538,PLT-06,site.engineer,remote_desktop,YES,2026-09-14T17:42:00,2026-09-14T18:26:00,YES
RA-00008,OT-01368,PLT-13,shared_support,remote_desktop,YES,2026-09-28T05:38:00,2026-09-28T08:11:00,YES
RA-00009,OT-01964,PLT-18,shared_support,remote_desktop,NO,2026-09-19T19:56:00,2026-09-19T21:36:00,YES
RA-00010,OT-01737,PLT-16,site.engineer,jump_host,YES,2026-09-24T19:36:00,2026-09-24T20:31:00,YES
RA-00011,OT-01369,PLT-13,unknown,vendor_vpn,YES,2026-09-21T10:43:00,2026-09-21T12:08:00,YES
RA-00012,OT-01980,PLT-18,site.engineer,jump_host,NO,2026-09-30T07:34:00,2026-09-30T07:54:00,YES
RA-00013,OT-00223,PLT-03,contractor,jump_host,UNKNOWN,2026-09-15T09:15:00,2026-09-15T10:53:00,YES
RA-00014,OT-01497,PLT-14,site.engineer,local_service_laptop,YES,2026-09-07T11:09:00,2026-09-07T13:41:00,YES
RA-00015,OT-00069,PLT-01,unknown,vendor_vpn,YES,2026-09-08T17:46:00,2026-09-08T19:42:00,YES
RA-00016,OT-01335,PLT-13,contractor,remote_desktop,YES,2026-09-28T04:35:00,2026-09-28T05:00:00,YES
RA-00017,OT-01034,PLT-10,shared_support,remote_desktop,YES,2026-10-04T14:41:00,2026-10-04T15:50:00,YES
RA-00018,OT-00415,PLT-04,unknown,jump_host,UNKNOWN,2026-09-29T11:16:00,2026-09-29T13:17:00,YES
RA-00019,OT-00572,PLT-06,site.engineer,vendor_vpn,YES,2026-09-09T18:58:00,2026-09-09T20:46:00,YES
RA-00020,OT-01329,PLT-13,unknown,local_service_laptop,YES,2026-09-23T12:52:00,2026-09-23T14:12:00,NO
RA-00021,OT-00841,PLT-08,site.engineer,remote_desktop,YES,2026-09-30T08:08:00,2026-09-30T10:13:00,YES
RA-00022,OT-00690,PLT-07,shared_support,jump_host,YES,2026-10-02T09:15:00,2026-10-02T12:09:00,YES
RA-00023,OT-01053,PLT-10,contractor,local_service_laptop,YES,2026-09-30T03:49:00,2026-09-30T05:17:00,YES
RA-00024,OT-00578,PLT-06,contractor,remote_desktop,YES,2026-09-24T10:29:00,2026-09-24T11:57:00,YES
RA-00025,OT-01025,PLT-10,site.engineer,local_service_laptop,NO,2026-09-17T17:06:00,2026-09-17T18:01:00,YES
RA-00026,OT-00693,PLT-07,vendor.engineer,local_service_laptop,YES,2026-09-18T02:40:00,2026-09-18T03:02:00,YES
RA-00027,OT-00723,PLT-07,vendor.engineer,local_service_laptop,UNKNOWN,2026-10-05T11:30:00,2026-10-05T12:42:00,YES
RA-00028,OT-01157,PLT-11,unknown,local_service_laptop,YES,2026-09-09T12:48:00,2026-09-09T13:45:00,YES
RA-00029,OT-00737,PLT-07,unknown,jump_host,YES,2026-09-26T01:05:00,2026-09-26T02:10:00,YES
RA-00030,OT-00221,PLT-03,shared_support,jump_host,NO,2026-10-01T00:33:00,2026-10-01T01:43:00,YES
RA-00031,OT-01802,PLT-17,contractor,jump_host,YES,2026-09-06T04:20:00,2026-09-06T04:38:00,YES
RA-00032,OT-00347,PLT-04,vendor.engineer,remote_desktop,YES,2026-09-16T12:39:00,2026-09-16T13:29:00,YES
RA-00033,OT-01522,PLT-14,contractor,local_service_laptop,YES,2026-10-04T20:11:00,2026-10-04T22:54:00,YES
RA-00034,OT-01719,PLT-16,unknown,local_service_laptop,YES,2026-09-14T09:26:00,2026-09-14T11:55:00,YES
RA-00035,OT-01392,PLT-13,unknown,remote_desktop,YES,2026-09-25T20:29:00,2026-09-25T21:23:00,YES
RA-00036,OT-01301,PLT-12,shared_support,local_service_laptop,UNKNOWN,2026-09-10T21:37:00,2026-09-10T23:53:00,YES
RA-00037,OT-01598,PLT-15,site.engineer,vendor_vpn,YES,2026-09-23T22:29:00,2026-09-24T01:27:00,YES
RA-00038,OT-01599,PLT-15,unknown,local_service_laptop,YES,2026-09-15T19:38:00,2026-09-15T21:24:00,UNKNOWN
RA-00039,OT-01098,PLT-10,shared_support,local_service_laptop,YES,2026-09-22T20:59:00,2026-09-22T21:16:00,UNKNOWN
RA-00040,OT-01572,PLT-15,unknown,remote_desktop,YES,2026-09-21T14:48:00,2026-09-21T17:39:00,YES
RA-00041,OT-01581,PLT-15,shared_support,remote_desktop,YES,2026-09-19T15:56:00,2026-09-19T18:50:00,YES
RA-00042,OT-01482,PLT-14,contractor,vendor_vpn,YES,2026-09-06T11:14:00,2026-09-06T12:20:00,UNKNOWN
RA-00043,OT-00919,PLT-09,unknown,remote_desktop,YES,2026-10-05T04:52:00,2026-10-05T06:16:00,YES
RA-00044,OT-00856,PLT-08,site.engineer,vendor_vpn,YES,2026-09-07T14:29:00,2026-09-07T15:59:00,YES
RA-00045,OT-01567,PLT-15,site.engineer,vendor_vpn,YES,2026-09-01T02:14:00,2026-09-01T02:59:00,YES
RA-00046,OT-01866,PLT-17,shared_support,local_service_laptop,YES,2026-09-17T09:52:00,2026-09-17T10:46:00,YES
RA-00047,OT-01130,PLT-11,unknown,jump_host,YES,2026-09-28T13:39:00,2026-09-28T16:19:00,YES
RA-00048,OT-00421,PLT-04,vendor.engineer,jump_host,YES,2026-09-01T08:07:00,2026-09-01T08:23:00,YES
RA-00049,OT-01256,PLT-12,contractor,jump_host,NO,2026-09-20T12:59:00,2026-09-20T14:55:00,YES
RA-00050,OT-00266,PLT-03,site.engineer,vendor_vpn,NO,2026-09-18T05:57:00,2026-09-18T06:56:00,YES
RA-00051,OT-00238,PLT-03,vendor.engineer,local_service_laptop,UNKNOWN,2026-09-22T14:22:00,2026-09-22T17:00:00,YES
RA-00052,OT-01208,PLT-12,contractor,vendor_vpn,NO,2026-09-01T16:16:00,2026-09-01T16:32:00,YES
RA-00053,OT-02002,PLT-18,shared_support,remote_desktop,YES,2026-09-03T07:00:00,2026-09-03T08:44:00,YES
RA-00054,OT-01434,PLT-14,site.engineer,jump_host,YES,2026-09-08T22:20:00,2026-09-09T00:13:00,YES
RA-00055,OT-00993,PLT-10,vendor.engineer,jump_host,YES,2026-09-21T19:25:00,2026-09-21T22:13:00,YES
RA-00056,OT-01630,PLT-15,shared_support,remote_desktop,YES,2026-09-19T16:36:00,2026-09-19T18:06:00,YES
RA-00057,OT-00446,PLT-05,vendor.engineer,vendor_vpn,YES,2026-09-02T09:42:00,2026-09-02T12:42:00,UNKNOWN
RA-00058,OT-00827,PLT-08,vendor.engineer,remote_desktop,YES,2026-10-02T06:15:00,2026-10-02T07:36:00,YES
RA-00059,OT-00811,PLT-08,shared_support,local_service_laptop,YES,2026-09-13T20:26:00,2026-09-13T20:33:00,YES
RA-00060,OT-00604,PLT-06,site.engineer,local_service_laptop,YES,2026-09-22T13:51:00,2026-09-22T16:48:00,YES
RA-00061,OT-00486,PLT-05,contractor,jump_host,YES,2026-09-09T21:23:00,2026-09-10T00:16:00,NO
RA-00062,OT-00197,PLT-02,shared_support,local_service_laptop,YES,2026-09-08T11:51:00,2026-09-08T14:24:00,YES
RA-00063,OT-01523,PLT-14,contractor,jump_host,YES,2026-09-13T01:02:00,2026-09-13T01:41:00,UNKNOWN
RA-00064,OT-01039,PLT-10,site.engineer,local_service_laptop,YES,2026-09-04T23:40:00,2026-09-05T02:10:00,YES
RA-00065,OT-01272,PLT-12,shared_support,vendor_vpn,YES,2026-10-02T10:12:00,2026-10-02T13:09:00,YES
RA-00066,OT-01884,PLT-17,unknown,vendor_vpn,YES,2026-10-05T14:22:00,2026-10-05T14:43:00,YES
RA-00067,OT-00600,PLT-06,unknown,jump_host,YES,2026-09-16T07:32:00,2026-09-16T09:16:00,YES
RA-00068,OT-00115,PLT-02,unknown,vendor_vpn,YES,2026-09-19T12:42:00,2026-09-19T15:36:00,YES
RA-00069,OT-01683,PLT-16,site.engineer,vendor_vpn,YES,2026-09-22T10:42:00,2026-09-22T11:20:00,UNKNOWN
RA-00070,OT-01340,PLT-13,contractor,remote_desktop,YES,2026-10-01T13:28:00,2026-10-01T14:35:00,YES
RA-00071,OT-02002,PLT-18,unknown,local_service_laptop,YES,2026-09-05T14:59:00,2026-09-05T17:07:00,YES
RA-00072,OT-00118,PLT-02,vendor.engineer,remote_desktop,YES,2026-09-25T03:12:00,2026-09-25T04:40:00,NO
RA-00073,OT-00737,PLT-07,site.engineer,local_service_laptop,NO,2026-09-11T04:26:00,2026-09-11T07:12:00,YES
RA-00074,OT-01068,PLT-10,contractor,remote_desktop,NO,2026-09-16T03:32:00,2026-09-16T04:20:00,YES
RA-00075,OT-00131,PLT-02,vendor.engineer,jump_host,UNKNOWN,2026-09-10T13:50:00,2026-09-10T15:21:00,YES
RA-00076,OT-00813,PLT-08,contractor,jump_host,NO,2026-09-24T17:07:00,2026-09-24T18:36:00,YES
RA-00077,OT-00338,PLT-04,vendor.engineer,jump_host,YES,2026-09-26T15:12:00,2026-09-26T16:21:00,UNKNOWN
RA-00078,OT-00952,PLT-09,vendor.engineer,vendor_vpn,UNKNOWN,2026-09-11T22:24:00,2026-09-11T22:36:00,UNKNOWN
RA-00079,OT-00531,PLT-05,vendor.engineer,jump_host,YES,2026-09-14T20:31:00,2026-09-14T22:01:00,YES
RA-00080,OT-00299,PLT-03,shared_support,jump_host,YES,2026-09-03T06:02:00,2026-09-03T07:12:00,YES
RA-00081,OT-00119,PLT-02,shared_support,local_service_laptop,YES,2026-09-05T21:10:00,2026-09-05T23:26:00,YES
RA-00082,OT-01533,PLT-14,vendor.engineer,vendor_vpn,YES,2026-09-20T00:38:00,2026-09-20T02:54:00,YES
RA-00083,OT-00875,PLT-08,site.engineer,local_service_laptop,UNKNOWN,2026-09-10T03:34:00,2026-09-10T05:14:00,YES
RA-00084,OT-01042,PLT-10,vendor.engineer,jump_host,YES,2026-09-04T21:40:00,2026-09-04T22:56:00,YES
RA-00085,OT-00984,PLT-09,shared_support,local_service_laptop,YES,2026-09-28T02:52:00,2026-09-28T03:53:00,YES
RA-00086,OT-01112,PLT-11,contractor,jump_host,UNKNOWN,2026-09-28T20:56:00,2026-09-28T21:52:00,YES
RA-00087,OT-00452,PLT-05,site.engineer,local_service_laptop,YES,2026-09-29T10:04:00,2026-09-29T12:36:00,YES
RA-00088,OT-01220,PLT-12,site.engineer,local_service_laptop,NO,2026-09-17T15:39:00,2026-09-17T18:12:00,NO
RA-00089,OT-01676,PLT-16,unknown,vendor_vpn,YES,2026-09-28T07:23:00,2026-09-28T08:31:00,YES
RA-00090,OT-01614,PLT-15,site.engineer,vendor_vpn,YES,2026-09-07T03:19:00,2026-09-07T04:26:00,YES
RA-00091,OT-01734,PLT-16,contractor,local_service_laptop,UNKNOWN,2026-09-05T16:34:00,2026-09-05T19:30:00,YES
RA-00092,OT-01861,PLT-17,site.engineer,remote_desktop,YES,2026-10-02T15:27:00,2026-10-02T18:26:00,YES
RA-00093,OT-01419,PLT-13,unknown,vendor_vpn,UNKNOWN,2026-09-01T08:16:00,2026-09-01T10:57:00,YES
RA-00094,OT-01369,PLT-13,shared_support,remote_desktop,YES,2026-09-07T20:58:00,2026-09-07T21:16:00,YES
RA-00095,OT-01420,PLT-13,site.engineer,remote_desktop,YES,2026-09-21T04:10:00,2026-09-21T05:54:00,YES
RA-00096,OT-00323,PLT-04,unknown,vendor_vpn,YES,2026-09-17T18:27:00,2026-09-17T21:02:00,YES
RA-00097,OT-01949,PLT-18,vendor.engineer,local_service_laptop,YES,2026-09-16T03:20:00,2026-09-16T05:49:00,UNKNOWN
RA-00098,OT-00285,PLT-03,vendor.engineer,jump_host,YES,2026-09-24T10:54:00,2026-09-24T11:02:00,YES
RA-00099,OT-01525,PLT-14,vendor.engineer,jump_host,YES,2026-09-19T15:33:00,2026-09-19T16:38:00,YES
RA-00100,OT-01000,PLT-10,contractor,jump_host,YES,2026-09-14T17:41:00,2026-09-14T19:17:00,YES
RA-00101,OT-01277,PLT-12,shared_support,jump_host,YES,2026-09-03T06:52:00,2026-09-03T07:52:00,YES
RA-00102,OT-01467,PLT-14,site.engineer,vendor_vpn,NO,2026-09-10T00:11:00,2026-09-10T01:42:00,YES
RA-00103,OT-01022,PLT-10,vendor.engineer,jump_host,YES,2026-09-25T21:04:00,2026-09-25T22:11:00,UNKNOWN
RA-00104,OT-01598,PLT-15,shared_support,jump_host,YES,2026-09-04T07:34:00,2026-09-04T07:58:00,YES
RA-00105,OT-00743,PLT-07,site.engineer,vendor_vpn,YES,2026-09-03T03:00:00,2026-09-03T03:07:00,NO
RA-00106,OT-00629,PLT-06,vendor.engineer,remote_desktop,YES,2026-09-23T17:52:00,2026-09-23T18:21:00,YES
RA-00107,OT-00330,PLT-04,site.engineer,remote_desktop,YES,2026-09-12T05:52:00,2026-09-12T06:37:00,YES
RA-00108,OT-00889,PLT-09,contractor,vendor_vpn,YES,2026-09-23T10:34:00,2026-09-23T10:43:00,YES
RA-00109,OT-00389,PLT-04,site.engineer,vendor_vpn,YES,2026-09-20T10:59:00,2026-09-20T13:07:00,YES
RA-00110,OT-01913,PLT-18,contractor,local_service_laptop,UNKNOWN,2026-09-10T06:02:00,2026-09-10T06:44:00,YES
RA-00111,OT-01743,PLT-16,shared_support,vendor_vpn,YES,2026-10-04T16:11:00,2026-10-04T16:51:00,YES
RA-00112,OT-00267,PLT-03,site.engineer,jump_host,YES,2026-10-02T00:02:00,2026-10-02T02:53:00,YES
RA-00113,OT-01782,PLT-16,vendor.engineer,jump_host,NO,2026-09-02T12:01:00,2026-09-02T13:45:00,YES
RA-00114,OT-01110,PLT-11,vendor.engineer,vendor_vpn,YES,2026-09-27T00:00:00,2026-09-27T00:29:00,YES
RA-00115,OT-00165,PLT-02,vendor.engineer,local_service_laptop,YES,2026-09-10T12:06:00,2026-09-10T15:00:00,YES
RA-00116,OT-00108,PLT-02,contractor,vendor_vpn,YES,2026-09-28T09:25:00,2026-09-28T12:17:00,YES
RA-00117,OT-00762,PLT-08,site.engineer,local_service_laptop,YES,2026-09-04T13:36:00,2026-09-04T15:44:00,YES
RA-00118,OT-01099,PLT-10,unknown,local_service_laptop,YES,2026-09-30T19:38:00,2026-09-30T22:22:00,NO
RA-00119,OT-01951,PLT-18,unknown,local_service_laptop,NO,2026-09-15T09:45:00,2026-09-15T11:00:00,YES
RA-00120,OT-00772,PLT-08,site.engineer,jump_host,YES,2026-09-09T09:05:00,2026-09-09T11:14:00,YES
RA-00121,OT-00020,PLT-01,contractor,remote_desktop,YES,2026-09-30T10:14:00,2026-09-30T10:51:00,YES
RA-00122,OT-01006,PLT-10,vendor.engineer,local_service_laptop,YES,2026-09-04T05:50:00,2026-09-04T07:10:00,YES
RA-00123,OT-01743,PLT-16,contractor,remote_desktop,YES,2026-09-04T21:52:00,2026-09-04T23:21:00,YES
RA-00124,OT-00652,PLT-07,shared_support,remote_desktop,YES,2026-09-26T10:04:00,2026-09-26T11:18:00,YES
RA-00125,OT-00813,PLT-08,unknown,vendor_vpn,UNKNOWN,2026-09-30T20:50:00,2026-09-30T22:16:00,YES
RA-00126,OT-01057,PLT-10,vendor.engineer,jump_host,YES,2026-09-19T13:54:00,2026-09-19T16:15:00,YES
RA-00127,OT-00379,PLT-04,shared_support,jump_host,YES,2026-09-18T16:44:00,2026-09-18T17:56:00,YES
RA-00128,OT-00643,PLT-07,contractor,local_service_laptop,YES,2026-09-26T10:50:00,2026-09-26T12:28:00,YES
RA-00129,OT-00449,PLT-05,unknown,local_service_laptop,YES,2026-09-02T23:57:00,2026-09-03T02:25:00,YES
RA-00130,OT-01763,PLT-16,vendor.engineer,local_service_laptop,YES,2026-09-07T13:11:00,2026-09-07T13:24:00,YES
RA-00131,OT-01986,PLT-18,vendor.engineer,remote_desktop,YES,2026-09-30T18:20:00,2026-09-30T19:03:00,YES
RA-00132,OT-01803,PLT-17,unknown,jump_host,YES,2026-09-02T04:15:00,2026-09-02T06:31:00,YES
RA-00133,OT-00337,PLT-04,vendor.engineer,local_service_laptop,YES,2026-09-20T14:53:00,2026-09-20T15:17:00,YES
RA-00134,OT-01661,PLT-15,shared_support,jump_host,YES,2026-09-08T21:34:00,2026-09-08T22:58:00,YES
RA-00135,OT-01723,PLT-16,contractor,jump_host,YES,2026-09-03T11:29:00,2026-09-03T13:07:00,YES
RA-00136,OT-00594,PLT-06,unknown,remote_desktop,NO,2026-09-10T06:37:00,2026-09-10T09:28:00,NO
RA-00137,OT-00589,PLT-06,shared_support,vendor_vpn,YES,2026-09-01T14:03:00,2026-09-01T16:45:00,UNKNOWN
RA-00138,OT-00002,PLT-01,unknown,vendor_vpn,YES,2026-10-01T11:19:00,2026-10-01T11:44:00,YES
RA-00139,OT-00703,PLT-07,unknown,vendor_vpn,YES,2026-09-27T08:41:00,2026-09-27T11:15:00,NO
RA-00140,OT-01598,PLT-15,contractor,vendor_vpn,UNKNOWN,2026-09-27T06:37:00,2026-09-27T07:21:00,UNKNOWN
RA-00141,OT-00608,PLT-06,site.engineer,jump_host,NO,2026-09-20T07:28:00,2026-09-20T10:27:00,YES
RA-00142,OT-01570,PLT-15,unknown,jump_host,YES,2026-09-07T06:41:00,2026-09-07T07:18:00,YES
RA-00143,OT-00160,PLT-02,unknown,remote_desktop,YES,2026-10-05T19:35:00,2026-10-05T22:08:00,YES
RA-00144,OT-01829,PLT-17,shared_support,jump_host,UNKNOWN,2026-09-02T13:41:00,2026-09-02T16:29:00,YES
RA-00145,OT-01148,PLT-11,unknown,remote_desktop,NO,2026-10-05T23:09:00,2026-10-06T01:35:00,YES
RA-00146,OT-01962,PLT-18,unknown,local_service_laptop,YES,2026-09-27T05:36:00,2026-09-27T08:14:00,YES
RA-00147,OT-01658,PLT-15,vendor.engineer,vendor_vpn,UNKNOWN,2026-09-11T08:00:00,2026-09-11T10:31:00,YES
RA-00148,OT-00617,PLT-06,unknown,remote_desktop,UNKNOWN,2026-09-29T04:17:00,2026-09-29T05:21:00,YES
RA-00149,OT-00205,PLT-02,contractor,jump_host,YES,2026-09-27T18:57:00,2026-09-27T19:18:00,NO
RA-00150,OT-01988,PLT-18,shared_support,remote_desktop,YES,2026-09-08T00:19:00,2026-09-08T02:28:00,YES
RA-00151,OT-00363,PLT-04,unknown,vendor_vpn,YES,2026-09-14T05:49:00,2026-09-14T06:21:00,YES
RA-00152,OT-00180,PLT-02,contractor,jump_host,YES,2026-09-03T02:25:00,2026-09-03T04:15:00,YES
RA-00153,OT-01454,PLT-14,site.engineer,vendor_vpn,YES,2026-09-15T17:13:00,2026-09-15T18:03:00,YES
RA-00154,OT-01251,PLT-12,site.engineer,vendor_vpn,YES,2026-09-18T17:45:00,2026-09-18T19:47:00,YES
RA-00155,OT-00496,PLT-05,site.engineer,jump_host,YES,2026-09-14T06:22:00,2026-09-14T08:52:00,YES
RA-00156,OT-00901,PLT-09,vendor.engineer,jump_host,YES,2026-09-03T22:47:00,2026-09-04T01:06:00,YES
RA-00157,OT-01758,PLT-16,contractor,remote_desktop,UNKNOWN,2026-10-02T15:52:00,2026-10-02T17:38:00,UNKNOWN
RA-00158,OT-00609,PLT-06,unknown,vendor_vpn,YES,2026-09-28T21:15:00,2026-09-28T23:26:00,NO
RA-00159,OT-00598,PLT-06,contractor,remote_desktop,NO,2026-09-18T18:57:00,2026-09-18T19:07:00,YES
RA-00160,OT-00588,PLT-06,shared_support,vendor_vpn,YES,2026-09-10T21:05:00,2026-09-10T22:34:00,NO
RA-00161,OT-01723,PLT-16,contractor,vendor_vpn,YES,2026-09-23T19:25:00,2026-09-23T20:14:00,YES
RA-00162,OT-01540,PLT-14,unknown,local_service_laptop,YES,2026-09-28T07:31:00,2026-09-28T09:20:00,YES
RA-00163,OT-00495,PLT-05,contractor,vendor_vpn,YES,2026-09-30T15:22:00,2026-09-30T18:11:00,YES
RA-00164,OT-01459,PLT-14,site.engineer,jump_host,YES,2026-09-10T13:32:00,2026-09-10T15:01:00,YES
RA-00165,OT-01446,PLT-14,vendor.engineer,vendor_vpn,NO,2026-09-16T17:04:00,2026-09-16T17:44:00,YES
RA-00166,OT-01600,PLT-15,shared_support,remote_desktop,YES,2026-09-21T03:52:00,2026-09-21T04:39:00,YES
RA-00167,OT-01279,PLT-12,contractor,remote_desktop,YES,2026-09-18T14:12:00,2026-09-18T15:14:00,YES
RA-00168,OT-00106,PLT-02,vendor.engineer,jump_host,YES,2026-09-21T10:01:00,2026-09-21T12:52:00,YES
RA-00169,OT-00704,PLT-07,vendor.engineer,remote_desktop,YES,2026-09-18T14:35:00,2026-09-18T17:26:00,YES
RA-00170,OT-01293,PLT-12,vendor.engineer,local_service_laptop,YES,2026-09-29T11:48:00,2026-09-29T13:15:00,YES
RA-00171,OT-00876,PLT-08,contractor,local_service_laptop,YES,2026-09-11T22:59:00,2026-09-12T01:31:00,NO
RA-00172,OT-01568,PLT-15,site.engineer,jump_host,UNKNOWN,2026-09-16T02:26:00,2026-09-16T05:18:00,YES
RA-00173,OT-01620,PLT-15,shared_support,vendor_vpn,YES,2026-09-19T10:02:00,2026-09-19T11:24:00,YES
RA-00174,OT-01600,PLT-15,unknown,remote_desktop,YES,2026-09-10T19:57:00,2026-09-10T22:47:00,YES
RA-00175,OT-00510,PLT-05,shared_support,local_service_laptop,YES,2026-09-19T18:44:00,2026-09-19T19:48:00,YES
RA-00176,OT-00467,PLT-05,vendor.engineer,vendor_vpn,YES,2026-09-22T05:59:00,2026-09-22T06:22:00,YES
RA-00177,OT-00489,PLT-05,contractor,vendor_vpn,YES,2026-09-28T07:58:00,2026-09-28T08:30:00,YES
RA-00178,OT-00630,PLT-06,contractor,remote_desktop,YES,2026-09-17T17:20:00,2026-09-17T18:24:00,YES
RA-00179,OT-01514,PLT-14,unknown,local_service_laptop,YES,2026-10-03T11:25:00,2026-10-03T12:48:00,YES
RA-00180,OT-01886,PLT-17,site.engineer,jump_host,YES,2026-09-25T21:58:00,2026-09-26T00:04:00,YES
RA-00181,OT-01869,PLT-17,shared_support,jump_host,YES,2026-09-04T04:01:00,2026-09-04T05:21:00,YES
RA-00182,OT-01723,PLT-16,unknown,vendor_vpn,UNKNOWN,2026-09-09T14:01:00,2026-09-09T15:00:00,YES
RA-00183,OT-00484,PLT-05,unknown,remote_desktop,YES,2026-10-05T11:43:00,2026-10-05T12:03:00,YES
RA-00184,OT-01155,PLT-11,unknown,vendor_vpn,YES,2026-09-03T20:18:00,2026-09-03T20:48:00,YES
RA-00185,OT-01920,PLT-18,site.engineer,jump_host,YES,2026-09-15T03:00:00,2026-09-15T04:02:00,YES
RA-00186,OT-01637,PLT-15,shared_support,local_service_laptop,YES,2026-09-24T13:40:00,2026-09-24T16:39:00,YES
RA-00187,OT-00164,PLT-02,contractor,remote_desktop,YES,2026-09-14T14:42:00,2026-09-14T15:23:00,YES
RA-00188,OT-00488,PLT-05,vendor.engineer,jump_host,YES,2026-09-27T16:38:00,2026-09-27T19:31:00,YES
RA-00189,OT-01086,PLT-10,shared_support,local_service_laptop,YES,2026-09-21T12:58:00,2026-09-21T14:19:00,YES
RA-00190,OT-01208,PLT-12,contractor,jump_host,YES,2026-09-30T21:32:00,2026-10-01T00:05:00,YES
RA-00191,OT-00942,PLT-09,vendor.engineer,vendor_vpn,YES,2026-10-03T02:29:00,2026-10-03T03:53:00,YES
RA-00192,OT-01508,PLT-14,unknown,jump_host,YES,2026-09-27T06:23:00,2026-09-27T07:49:00,YES
RA-00193,OT-00582,PLT-06,shared_support,jump_host,YES,2026-09-07T13:20:00,2026-09-07T14:40:00,YES
RA-00194,OT-00190,PLT-02,unknown,local_service_laptop,YES,2026-09-19T13:57:00,2026-09-19T16:57:00,YES
RA-00195,OT-01431,PLT-14,vendor.engineer,jump_host,UNKNOWN,2026-09-15T03:36:00,2026-09-15T04:25:00,NO
RA-00196,OT-00067,PLT-01,vendor.engineer,jump_host,YES,2026-10-01T13:00:00,2026-10-01T14:33:00,YES
RA-00197,OT-01274,PLT-12,site.engineer,remote_desktop,YES,2026-09-18T17:31:00,2026-09-18T17:57:00,UNKNOWN
RA-00198,OT-01866,PLT-17,unknown,remote_desktop,YES,2026-10-04T14:32:00,2026-10-04T15:34:00,YES
RA-00199,OT-00692,PLT-07,shared_support,local_service_laptop,YES,2026-09-16T06:33:00,2026-09-16T08:43:00,UNKNOWN
RA-00200,OT-00570,PLT-06,vendor.engineer,vendor_vpn,YES,2026-09-03T21:06:00,2026-09-03T22:28:00,YES
RA-00201,OT-00017,PLT-01,shared_support,remote_desktop,YES,2026-10-02T02:40:00,2026-10-02T03:21:00,YES
RA-00202,OT-00763,PLT-08,site.engineer,remote_desktop,UNKNOWN,2026-09-06T21:01:00,2026-09-06T23:13:00,YES
RA-00203,OT-00552,PLT-06,unknown,remote_desktop,YES,2026-10-01T05:57:00,2026-10-01T08:15:00,YES
RA-00204,OT-01002,PLT-10,site.engineer,vendor_vpn,YES,2026-09-28T10:52:00,2026-09-28T11:27:00,YES
RA-00205,OT-00090,PLT-01,shared_support,local_service_laptop,YES,2026-09-06T12:31:00,2026-09-06T12:44:00,YES
RA-00206,OT-00051,PLT-01,shared_support,remote_desktop,UNKNOWN,2026-09-17T06:29:00,2026-09-17T08:12:00,YES
RA-00207,OT-00210,PLT-03,site.engineer,vendor_vpn,YES,2026-10-03T11:06:00,2026-10-03T13:36:00,YES
RA-00208,OT-01989,PLT-18,unknown,vendor_vpn,YES,2026-09-03T04:50:00,2026-09-03T05:23:00,YES
RA-00209,OT-01071,PLT-10,unknown,local_service_laptop,NO,2026-09-11T21:44:00,2026-09-12T00:44:00,YES
RA-00210,OT-01561,PLT-15,site.engineer,vendor_vpn,NO,2026-09-29T13:47:00,2026-09-29T15:31:00,YES
RA-00211,OT-01595,PLT-15,unknown,jump_host,YES,2026-09-20T23:20:00,2026-09-20T23:42:00,YES
RA-00212,OT-00399,PLT-04,site.engineer,jump_host,YES,2026-09-09T14:11:00,2026-09-09T15:42:00,YES
RA-00213,OT-00727,PLT-07,shared_support,remote_desktop,YES,2026-09-25T04:08:00,2026-09-25T04:40:00,YES
RA-00214,OT-00283,PLT-03,shared_support,jump_host,YES,2026-10-01T18:56:00,2026-10-01T20:38:00,YES
RA-00215,OT-01587,PLT-15,site.engineer,jump_host,YES,2026-09-12T13:06:00,2026-09-12T13:47:00,YES
RA-00216,OT-00227,PLT-03,site.engineer,remote_desktop,YES,2026-09-14T07:51:00,2026-09-14T09:47:00,YES
RA-00217,OT-01082,PLT-10,unknown,remote_desktop,NO,2026-09-12T20:14:00,2026-09-12T22:44:00,YES
RA-00218,OT-01235,PLT-12,vendor.engineer,jump_host,YES,2026-09-21T08:05:00,2026-09-21T09:49:00,YES
RA-00219,OT-01554,PLT-15,site.engineer,remote_desktop,YES,2026-09-04T02:28:00,2026-09-04T04:50:00,YES
RA-00220,OT-00245,PLT-03,shared_support,remote_desktop,NO,2026-09-19T01:39:00,2026-09-19T02:41:00,YES
RA-00221,OT-01090,PLT-10,vendor.engineer,local_service_laptop,UNKNOWN,2026-10-05T09:27:00,2026-10-05T10:37:00,YES
RA-00222,OT-01876,PLT-17,contractor,remote_desktop,YES,2026-09-13T14:10:00,2026-09-13T15:39:00,NO
RA-00223,OT-01896,PLT-18,site.engineer,jump_host,YES,2026-09-10T11:45:00,2026-09-10T12:32:00,YES
RA-00224,OT-00620,PLT-06,site.engineer,local_service_laptop,YES,2026-09-21T00:17:00,2026-09-21T02:32:00,YES
RA-00225,OT-01741,PLT-16,site.engineer,vendor_vpn,UNKNOWN,2026-09-04T03:24:00,2026-09-04T06:20:00,YES
RA-00226,OT-01073,PLT-10,site.engineer,local_service_laptop,YES,2026-09-03T06:40:00,2026-09-03T07:27:00,YES
RA-00227,OT-00672,PLT-07,vendor.engineer,vendor_vpn,YES,2026-09-09T22:24:00,2026-09-09T22:45:00,YES
RA-00228,OT-01432,PLT-14,contractor,remote_desktop,YES,2026-09-10T03:24:00,2026-09-10T05:33:00,UNKNOWN
RA-00229,OT-01137,PLT-11,contractor,local_service_laptop,YES,2026-09-01T12:22:00,2026-09-01T15:13:00,UNKNOWN
RA-00230,OT-01977,PLT-18,unknown,vendor_vpn,YES,2026-09-11T21:21:00,2026-09-11T22:33:00,YES
RA-00231,OT-00815,PLT-08,contractor,remote_desktop,YES,2026-09-11T04:50:00,2026-09-11T06:14:00,YES
RA-00232,OT-01101,PLT-10,shared_support,local_service_laptop,YES,2026-09-15T01:46:00,2026-09-15T04:32:00,NO
RA-00233,OT-00934,PLT-09,site.engineer,local_service_laptop,YES,2026-09-11T01:32:00,2026-09-11T03:35:00,YES
RA-00234,OT-00943,PLT-09,shared_support,vendor_vpn,NO,2026-09-10T23:29:00,2026-09-11T01:11:00,YES
RA-00235,OT-01676,PLT-16,shared_support,vendor_vpn,YES,2026-09-22T08:57:00,2026-09-22T11:14:00,YES
RA-00236,OT-01319,PLT-13,shared_support,local_service_laptop,YES,2026-09-13T02:19:00,2026-09-13T04:37:00,YES
RA-00237,OT-01614,PLT-15,shared_support,jump_host,YES,2026-09-23T19:24:00,2026-09-23T20:06:00,YES
RA-00238,OT-01570,PLT-15,unknown,local_service_laptop,YES,2026-09-19T16:05:00,2026-09-19T18:38:00,YES
RA-00239,OT-00284,PLT-03,contractor,remote_desktop,YES,2026-09-13T20:41:00,2026-09-13T21:09:00,YES
RA-00240,OT-01813,PLT-17,shared_support,vendor_vpn,NO,2026-09-06T04:19:00,2026-09-06T05:25:00,YES
RA-00241,OT-00724,PLT-07,vendor.engineer,jump_host,YES,2026-10-05T23:58:00,2026-10-06T02:07:00,UNKNOWN
RA-00242,OT-00473,PLT-05,contractor,vendor_vpn,YES,2026-09-25T14:33:00,2026-09-25T14:39:00,NO
RA-00243,OT-01295,PLT-12,vendor.engineer,jump_host,YES,2026-09-30T20:37:00,2026-09-30T22:09:00,YES
RA-00244,OT-00830,PLT-08,contractor,local_service_laptop,YES,2026-09-14T09:38:00,2026-09-14T09:43:00,YES
RA-00245,OT-00034,PLT-01,site.engineer,vendor_vpn,YES,2026-09-15T00:52:00,2026-09-15T02:44:00,YES
RA-00246,OT-01470,PLT-14,unknown,remote_desktop,NO,2026-09-04T08:36:00,2026-09-04T11:19:00,YES
RA-00247,OT-01545,PLT-14,contractor,jump_host,YES,2026-09-15T09:08:00,2026-09-15T10:05:00,YES
RA-00248,OT-01945,PLT-18,shared_support,vendor_vpn,YES,2026-09-01T21:16:00,2026-09-01T23:50:00,YES
RA-00249,OT-01741,PLT-16,vendor.engineer,remote_desktop,YES,2026-09-10T08:04:00,2026-09-10T08:42:00,YES
RA-00250,OT-00738,PLT-07,site.engineer,jump_host,YES,2026-09-25T14:43:00,2026-09-25T15:44:00,YES
RA-00251,OT-00192,PLT-02,unknown,local_service_laptop,YES,2026-09-10T02:54:00,2026-09-10T04:51:00,YES
RA-00252,OT-01746,PLT-16,shared_support,jump_host,YES,2026-10-04T14:06:00,2026-10-04T16:12:00,YES
RA-00253,OT-01467,PLT-14,site.engineer,local_service_laptop,YES,2026-09-05T04:24:00,2026-09-05T04:41:00,YES
RA-00254,OT-01308,PLT-13,shared_support,remote_desktop,YES,2026-09-07T13:34:00,2026-09-07T16:20:00,YES
RA-00255,OT-00542,PLT-06,unknown,jump_host,YES,2026-09-18T18:00:00,2026-09-18T19:43:00,YES
RA-00256,OT-01154,PLT-11,contractor,vendor_vpn,UNKNOWN,2026-09-04T07:38:00,2026-09-04T09:21:00,YES
RA-00257,OT-00623,PLT-06,shared_support,jump_host,UNKNOWN,2026-09-14T04:35:00,2026-09-14T06:18:00,YES
RA-00258,OT-00278,PLT-03,site.engineer,remote_desktop,YES,2026-09-01T14:53:00,2026-09-01T17:21:00,YES
RA-00259,OT-01419,PLT-13,contractor,remote_desktop,YES,2026-09-22T19:50:00,2026-09-22T20:56:00,YES
RA-00260,OT-01811,PLT-17,vendor.engineer,vendor_vpn,YES,2026-09-01T20:05:00,2026-09-01T22:45:00,YES
RA-00261,OT-01817,PLT-17,contractor,jump_host,UNKNOWN,2026-09-15T09:25:00,2026-09-15T10:10:00,YES
RA-00262,OT-00919,PLT-09,vendor.engineer,local_service_laptop,YES,2026-09-07T19:28:00,2026-09-07T21:41:00,YES
RA-00263,OT-00147,PLT-02,contractor,vendor_vpn,UNKNOWN,2026-09-27T13:47:00,2026-09-27T15:11:00,YES
RA-00264,OT-00678,PLT-07,contractor,local_service_laptop,YES,2026-09-09T00:10:00,2026-09-09T02:23:00,YES
RA-00265,OT-01421,PLT-13,contractor,vendor_vpn,NO,2026-09-25T07:22:00,2026-09-25T09:38:00,YES
RA-00266,OT-01940,PLT-18,vendor.engineer,jump_host,YES,2026-09-07T04:13:00,2026-09-07T07:01:00,UNKNOWN
RA-00267,OT-00797,PLT-08,contractor,remote_desktop,YES,2026-09-29T01:58:00,2026-09-29T04:50:00,YES
RA-00268,OT-00971,PLT-09,site.engineer,local_service_laptop,YES,2026-09-02T11:56:00,2026-09-02T12:05:00,YES
RA-00269,OT-00944,PLT-09,shared_support,vendor_vpn,UNKNOWN,2026-09-30T10:57:00,2026-09-30T13:31:00,NO
RA-00270,OT-00498,PLT-05,shared_support,jump_host,YES,2026-09-02T02:44:00,2026-09-02T02:51:00,YES
RA-00271,OT-00660,PLT-07,shared_support,local_service_laptop,YES,2026-09-01T12:40:00,2026-09-01T15:39:00,YES
RA-00272,OT-00013,PLT-01,contractor,remote_desktop,YES,2026-09-06T13:17:00,2026-09-06T14:34:00,YES
RA-00273,OT-01487,PLT-14,site.engineer,jump_host,YES,2026-09-29T17:50:00,2026-09-29T20:23:00,YES
RA-00274,OT-00392,PLT-04,site.engineer,jump_host,YES,2026-09-08T00:02:00,2026-09-08T01:57:00,NO
RA-00275,OT-01616,PLT-15,shared_support,local_service_laptop,YES,2026-09-08T10:09:00,2026-09-08T11:59:00,YES
RA-00276,OT-01617,PLT-15,site.engineer,vendor_vpn,YES,2026-09-06T21:58:00,2026-09-06T22:38:00,UNKNOWN
RA-00277,OT-01375,PLT-13,shared_support,vendor_vpn,YES,2026-09-09T20:36:00,2026-09-09T22:33:00,YES
RA-00278,OT-01454,PLT-14,shared_support,jump_host,YES,2026-09-18T07:58:00,2026-09-18T10:53:00,YES
RA-00279,OT-00297,PLT-03,shared_support,jump_host,YES,2026-09-04T15:59:00,2026-09-04T16:44:00,YES
RA-00280,OT-01260,PLT-12,site.engineer,vendor_vpn,YES,2026-09-14T10:30:00,2026-09-14T13:15:00,YES
RA-00281,OT-00296,PLT-03,shared_support,local_service_laptop,YES,2026-09-09T02:16:00,2026-09-09T02:24:00,NO
RA-00282,OT-01999,PLT-18,vendor.engineer,local_service_laptop,YES,2026-09-26T01:46:00,2026-09-26T03:17:00,UNKNOWN
RA-00283,OT-00782,PLT-08,unknown,local_service_laptop,YES,2026-09-20T14:56:00,2026-09-20T15:38:00,YES
RA-00284,OT-01039,PLT-10,vendor.engineer,jump_host,YES,2026-10-05T10:21:00,2026-10-05T10:37:00,YES
RA-00285,OT-01109,PLT-11,vendor.engineer,remote_desktop,YES,2026-09-04T13:39:00,2026-09-04T15:29:00,YES
RA-00286,OT-01328,PLT-13,unknown,jump_host,YES,2026-09-01T14:14:00,2026-09-01T14:47:00,NO
RA-00287,OT-01238,PLT-12,site.engineer,jump_host,YES,2026-10-02T09:24:00,2026-10-02T10:14:00,YES
RA-00288,OT-00611,PLT-06,contractor,vendor_vpn,UNKNOWN,2026-09-11T09:20:00,2026-09-11T12:02:00,YES
RA-00289,OT-00837,PLT-08,shared_support,remote_desktop,NO,2026-09-08T09:58:00,2026-09-08T11:12:00,YES
RA-00290,OT-00668,PLT-07,site.engineer,vendor_vpn,YES,2026-09-24T01:25:00,2026-09-24T01:58:00,YES
RA-00291,OT-01512,PLT-14,vendor.engineer,remote_desktop,YES,2026-09-12T14:49:00,2026-09-12T16:18:00,YES
RA-00292,OT-01392,PLT-13,unknown,jump_host,YES,2026-09-22T00:19:00,2026-09-22T02:50:00,YES
RA-00293,OT-01437,PLT-14,vendor.engineer,remote_desktop,YES,2026-09-23T03:10:00,2026-09-23T06:03:00,YES
RA-00294,OT-00739,PLT-07,site.engineer,vendor_vpn,UNKNOWN,2026-09-11T09:18:00,2026-09-11T10:54:00,YES
RA-00295,OT-01143,PLT-11,shared_support,remote_desktop,YES,2026-09-05T07:42:00,2026-09-05T08:55:00,YES
RA-00296,OT-00796,PLT-08,site.engineer,jump_host,YES,2026-09-08T05:32:00,2026-09-08T06:18:00,YES
RA-00297,OT-00973,PLT-09,site.engineer,remote_desktop,YES,2026-09-13T13:42:00,2026-09-13T14:27:00,YES
RA-00298,OT-00739,PLT-07,shared_support,vendor_vpn,YES,2026-09-09T05:10:00,2026-09-09T05:51:00,YES
RA-00299,OT-01383,PLT-13,contractor,remote_desktop,UNKNOWN,2026-09-04T10:12:00,2026-09-04T12:37:00,YES
RA-00300,OT-01885,PLT-17,shared_support,jump_host,YES,2026-09-29T22:03:00,2026-09-30T00:10:00,YES
RA-00301,OT-01939,PLT-18,vendor.engineer,vendor_vpn,NO,2026-09-19T19:36:00,2026-09-19T21:39:00,YES
RA-00302,OT-00401,PLT-04,shared_support,vendor_vpn,YES,2026-09-05T08:47:00,2026-09-05T10:24:00,YES
RA-00303,OT-00097,PLT-01,vendor.engineer,local_service_laptop,YES,2026-09-24T14:55:00,2026-09-24T15:38:00,YES
RA-00304,OT-00920,PLT-09,site.engineer,vendor_vpn,YES,2026-09-03T04:45:00,2026-09-03T07:42:00,YES
RA-00305,OT-00074,PLT-01,unknown,local_service_laptop,YES,2026-09-17T20:57:00,2026-09-17T22:48:00,YES
RA-00306,OT-00483,PLT-05,site.engineer,vendor_vpn,YES,2026-09-01T17:25:00,2026-09-01T17:56:00,YES
RA-00307,OT-00101,PLT-01,site.engineer,jump_host,NO,2026-09-06T18:40:00,2026-09-06T21:23:00,YES
RA-00308,OT-01368,PLT-13,vendor.engineer,local_service_laptop,YES,2026-09-06T20:33:00,2026-09-06T22:20:00,YES
RA-00309,OT-01033,PLT-10,contractor,local_service_laptop,YES,2026-09-08T02:02:00,2026-09-08T04:34:00,YES
RA-00310,OT-00003,PLT-01,site.engineer,local_service_laptop,YES,2026-09-08T18:37:00,2026-09-08T20:59:00,UNKNOWN
RA-00311,OT-01818,PLT-17,unknown,remote_desktop,YES,2026-09-29T04:51:00,2026-09-29T06:39:00,YES
RA-00312,OT-01042,PLT-10,site.engineer,remote_desktop,YES,2026-09-27T06:33:00,2026-09-27T07:28:00,YES
RA-00313,OT-01095,PLT-10,site.engineer,remote_desktop,YES,2026-09-01T02:08:00,2026-09-01T03:55:00,YES
RA-00314,OT-01498,PLT-14,contractor,jump_host,YES,2026-09-30T05:02:00,2026-09-30T08:02:00,NO
RA-00315,OT-00126,PLT-02,shared_support,remote_desktop,YES,2026-09-29T11:39:00,2026-09-29T12:03:00,YES
RA-00316,OT-01667,PLT-16,site.engineer,jump_host,UNKNOWN,2026-09-12T01:29:00,2026-09-12T02:03:00,YES
RA-00317,OT-00869,PLT-08,contractor,local_service_laptop,YES,2026-10-01T20:36:00,2026-10-01T21:53:00,YES
RA-00318,OT-01977,PLT-18,contractor,jump_host,YES,2026-09-20T21:50:00,2026-09-21T00:04:00,YES
RA-00319,OT-01763,PLT-16,unknown,jump_host,UNKNOWN,2026-09-06T22:37:00,2026-09-06T22:57:00,YES
RA-00320,OT-00319,PLT-03,vendor.engineer,remote_desktop,YES,2026-10-02T07:09:00,2026-10-02T08:38:00,YES
RA-00321,OT-00637,PLT-07,contractor,jump_host,YES,2026-09-26T18:54:00,2026-09-26T19:46:00,YES
RA-00322,OT-00948,PLT-09,unknown,remote_desktop,YES,2026-09-24T20:07:00,2026-09-24T21:47:00,YES
RA-00323,OT-01882,PLT-17,shared_support,local_service_laptop,YES,2026-09-15T04:07:00,2026-09-15T05:25:00,YES
RA-00324,OT-00276,PLT-03,vendor.engineer,jump_host,YES,2026-09-18T00:41:00,2026-09-18T03:03:00,YES
RA-00325,OT-00895,PLT-09,vendor.engineer,vendor_vpn,YES,2026-09-28T02:19:00,2026-09-28T04:37:00,NO
RA-00326,OT-01283,PLT-12,site.engineer,jump_host,YES,2026-09-01T03:03:00,2026-09-01T05:41:00,NO
RA-00327,OT-01838,PLT-17,site.engineer,remote_desktop,YES,2026-09-30T06:56:00,2026-09-30T09:42:00,UNKNOWN
RA-00328,OT-01211,PLT-12,site.engineer,vendor_vpn,YES,2026-09-13T14:09:00,2026-09-13T14:47:00,YES
RA-00329,OT-01885,PLT-17,vendor.engineer,vendor_vpn,YES,2026-09-04T06:48:00,2026-09-04T07:50:00,YES
RA-00330,OT-01998,PLT-18,unknown,jump_host,YES,2026-09-10T04:44:00,2026-09-10T06:42:00,YES
RA-00331,OT-00750,PLT-07,unknown,jump_host,YES,2026-09-02T06:36:00,2026-09-02T07:22:00,YES
RA-00332,OT-01311,PLT-13,contractor,local_service_laptop,YES,2026-09-26T10:58:00,2026-09-26T11:14:00,YES
RA-00333,OT-00276,PLT-03,shared_support,jump_host,YES,2026-09-10T15:06:00,2026-09-10T15:19:00,YES
RA-00334,OT-00421,PLT-04,shared_support,vendor_vpn,YES,2026-09-09T04:04:00,2026-09-09T05:49:00,YES
RA-00335,OT-01245,PLT-12,shared_support,local_service_laptop,YES,2026-09-04T07:57:00,2026-09-04T10:02:00,YES
RA-00336,OT-01544,PLT-14,shared_support,jump_host,YES,2026-09-29T09:32:00,2026-09-29T10:37:00,UNKNOWN
RA-00337,OT-01066,PLT-10,vendor.engineer,vendor_vpn,NO,2026-09-03T18:08:00,2026-09-03T19:14:00,YES
RA-00338,OT-01727,PLT-16,contractor,local_service_laptop,YES,2026-10-02T15:45:00,2026-10-02T16:27:00,YES
RA-00339,OT-00618,PLT-06,unknown,remote_desktop,YES,2026-09-21T11:13:00,2026-09-21T12:23:00,YES
RA-00340,OT-00765,PLT-08,site.engineer,vendor_vpn,YES,2026-09-09T05:48:00,2026-09-09T08:29:00,YES
RA-00341,OT-00134,PLT-02,contractor,jump_host,YES,2026-09-05T13:12:00,2026-09-05T16:02:00,YES
RA-00342,OT-00146,PLT-02,shared_support,jump_host,YES,2026-09-19T00:59:00,2026-09-19T02:37:00,UNKNOWN
RA-00343,OT-00268,PLT-03,unknown,vendor_vpn,YES,2026-09-18T05:18:00,2026-09-18T05:23:00,YES
RA-00344,OT-00848,PLT-08,unknown,jump_host,YES,2026-09-06T03:49:00,2026-09-06T04:15:00,YES
RA-00345,OT-01943,PLT-18,contractor,remote_desktop,YES,2026-09-22T12:22:00,2026-09-22T14:58:00,YES
RA-00346,OT-01671,PLT-16,shared_support,local_service_laptop,YES,2026-10-02T01:19:00,2026-10-02T02:13:00,YES
RA-00347,OT-01136,PLT-11,contractor,remote_desktop,YES,2026-09-27T06:26:00,2026-09-27T06:42:00,YES
RA-00348,OT-01380,PLT-13,unknown,vendor_vpn,YES,2026-09-20T16:39:00,2026-09-20T18:51:00,YES
RA-00349,OT-00648,PLT-07,site.engineer,local_service_laptop,YES,2026-09-13T21:53:00,2026-09-13T23:21:00,YES
RA-00350,OT-01433,PLT-14,shared_support,vendor_vpn,UNKNOWN,2026-09-17T22:04:00,2026-09-18T00:32:00,YES
RA-00351,OT-01215,PLT-12,site.engineer,remote_desktop,YES,2026-10-02T08:00:00,2026-10-02T09:17:00,UNKNOWN
RA-00352,OT-00254,PLT-03,shared_support,local_service_laptop,YES,2026-10-05T00:50:00,2026-10-05T03:43:00,YES
RA-00353,OT-01799,PLT-17,shared_support,vendor_vpn,YES,2026-09-24T13:25:00,2026-09-24T15:46:00,YES
RA-00354,OT-00239,PLT-03,site.engineer,vendor_vpn,YES,2026-10-02T16:18:00,2026-10-02T18:30:00,YES
RA-00355,OT-01819,PLT-17,site.engineer,remote_desktop,YES,2026-09-03T16:22:00,2026-09-03T16:31:00,YES
RA-00356,OT-00316,PLT-03,unknown,local_service_laptop,YES,2026-09-11T17:58:00,2026-09-11T18:30:00,YES
RA-00357,OT-00296,PLT-03,site.engineer,local_service_laptop,YES,2026-09-24T17:07:00,2026-09-24T17:42:00,UNKNOWN
RA-00358,OT-00952,PLT-09,site.engineer,vendor_vpn,YES,2026-09-23T17:58:00,2026-09-23T20:40:00,YES
RA-00359,OT-01052,PLT-10,unknown,local_service_laptop,YES,2026-09-26T16:01:00,2026-09-26T18:42:00,YES
RA-00360,OT-01603,PLT-15,site.engineer,jump_host,YES,2026-10-02T17:02:00,2026-10-02T19:32:00,YES
RA-00361,OT-01678,PLT-16,site.engineer,local_service_laptop,YES,2026-10-04T10:35:00,2026-10-04T13:21:00,YES
RA-00362,OT-01244,PLT-12,site.engineer,vendor_vpn,YES,2026-09-24T09:40:00,2026-09-24T10:32:00,YES
RA-00363,OT-01283,PLT-12,shared_support,remote_desktop,YES,2026-09-26T05:19:00,2026-09-26T08:19:00,YES
RA-00364,OT-00938,PLT-09,site.engineer,jump_host,YES,2026-09-19T09:16:00,2026-09-19T10:48:00,YES
RA-00365,OT-01031,PLT-10,vendor.engineer,jump_host,YES,2026-09-29T00:56:00,2026-09-29T03:43:00,UNKNOWN
RA-00366,OT-01795,PLT-17,shared_support,local_service_laptop,UNKNOWN,2026-09-17T12:05:00,2026-09-17T14:03:00,YES
RA-00367,OT-00014,PLT-01,unknown,vendor_vpn,YES,2026-09-02T06:19:00,2026-09-02T07:38:00,NO
RA-00368,OT-01599,PLT-15,contractor,local_service_laptop,UNKNOWN,2026-10-03T09:42:00,2026-10-03T12:42:00,YES
RA-00369,OT-01274,PLT-12,shared_support,vendor_vpn,YES,2026-09-14T20:23:00,2026-09-14T22:19:00,UNKNOWN
RA-00370,OT-00561,PLT-06,vendor.engineer,local_service_laptop,YES,2026-09-15T09:21:00,2026-09-15T09:29:00,YES
RA-00371,OT-01186,PLT-11,site.engineer,jump_host,YES,2026-09-30T06:49:00,2026-09-30T07:27:00,YES
RA-00372,OT-00774,PLT-08,contractor,local_service_laptop,YES,2026-09-16T23:52:00,2026-09-17T02:16:00,YES
RA-00373,OT-01990,PLT-18,unknown,vendor_vpn,YES,2026-09-14T10:10:00,2026-09-14T10:17:00,YES
RA-00374,OT-00252,PLT-03,site.engineer,vendor_vpn,YES,2026-10-02T17:40:00,2026-10-02T19:27:00,YES
RA-00375,OT-01792,PLT-17,shared_support,local_service_laptop,NO,2026-09-22T01:51:00,2026-09-22T02:49:00,YES
RA-00376,OT-00598,PLT-06,shared_support,local_service_laptop,YES,2026-09-14T06:09:00,2026-09-14T08:40:00,YES
RA-00377,OT-00302,PLT-03,unknown,vendor_vpn,YES,2026-09-09T21:05:00,2026-09-09T21:56:00,YES
RA-00378,OT-00187,PLT-02,contractor,remote_desktop,YES,2026-09-21T01:51:00,2026-09-21T04:37:00,YES
RA-00379,OT-00515,PLT-05,vendor.engineer,remote_desktop,YES,2026-10-03T03:52:00,2026-10-03T04:12:00,YES
RA-00380,OT-01750,PLT-16,shared_support,remote_desktop,YES,2026-10-05T12:09:00,2026-10-05T13:51:00,YES
RA-00381,OT-01943,PLT-18,shared_support,local_service_laptop,NO,2026-09-18T01:14:00,2026-09-18T02:06:00,YES
RA-00382,OT-00591,PLT-06,contractor,remote_desktop,UNKNOWN,2026-10-01T19:45:00,2026-10-01T21:47:00,YES
RA-00383,OT-01173,PLT-11,unknown,jump_host,YES,2026-09-27T23:47:00,2026-09-28T02:43:00,NO
RA-00384,OT-00136,PLT-02,contractor,remote_desktop,YES,2026-09-22T00:25:00,2026-09-22T02:40:00,UNKNOWN
RA-00385,OT-00782,PLT-08,shared_support,jump_host,YES,2026-09-22T07:27:00,2026-09-22T08:15:00,YES
RA-00386,OT-00642,PLT-07,site.engineer,jump_host,YES,2026-09-03T12:55:00,2026-09-03T13:45:00,YES
RA-00387,OT-01515,PLT-14,vendor.engineer,vendor_vpn,YES,2026-09-15T16:03:00,2026-09-15T16:12:00,YES
RA-00388,OT-01306,PLT-12,vendor.engineer,jump_host,YES,2026-09-09T15:31:00,2026-09-09T16:28:00,YES
RA-00389,OT-01612,PLT-15,contractor,local_service_laptop,YES,2026-09-19T17:23:00,2026-09-19T20:05:00,YES
RA-00390,OT-01589,PLT-15,unknown,jump_host,YES,2026-10-03T02:59:00,2026-10-03T04:35:00,UNKNOWN
RA-00391,OT-01379,PLT-13,site.engineer,jump_host,YES,2026-09-06T15:23:00,2026-09-06T17:39:00,YES
RA-00392,OT-00200,PLT-02,unknown,jump_host,NO,2026-10-03T14:25:00,2026-10-03T14:57:00,NO
RA-00393,OT-01722,PLT-16,vendor.engineer,local_service_laptop,YES,2026-09-04T11:55:00,2026-09-04T14:13:00,YES
RA-00394,OT-01557,PLT-15,contractor,remote_desktop,UNKNOWN,2026-09-28T06:51:00,2026-09-28T07:46:00,UNKNOWN
RA-00395,OT-00470,PLT-05,site.engineer,jump_host,YES,2026-09-23T02:18:00,2026-09-23T03:59:00,YES
RA-00396,OT-01800,PLT-17,site.engineer,local_service_laptop,YES,2026-09-06T10:18:00,2026-09-06T11:03:00,NO
RA-00397,OT-01476,PLT-14,vendor.engineer,local_service_laptop,YES,2026-09-25T14:31:00,2026-09-25T16:06:00,YES
RA-00398,OT-01727,PLT-16,shared_support,vendor_vpn,YES,2026-09-03T23:37:00,2026-09-04T01:00:00,YES
RA-00399,OT-00544,PLT-06,site.engineer,vendor_vpn,YES,2026-09-28T18:47:00,2026-09-28T21:03:00,UNKNOWN
RA-00400,OT-00928,PLT-09,unknown,vendor_vpn,YES,2026-09-25T15:43:00,2026-09-25T17:07:00,NO
RA-00401,OT-00928,PLT-09,vendor.engineer,remote_desktop,YES,2026-09-05T21:05:00,2026-09-05T22:17:00,YES
RA-00402,OT-01877,PLT-17,contractor,remote_desktop,UNKNOWN,2026-09-26T20:31:00,2026-09-26T23:02:00,NO
RA-00403,OT-00025,PLT-01,unknown,remote_desktop,YES,2026-09-13T00:40:00,2026-09-13T01:34:00,YES
RA-00404,OT-01972,PLT-18,site.engineer,vendor_vpn,YES,2026-09-04T19:53:00,2026-09-04T20:25:00,YES
RA-00405,OT-01014,PLT-10,shared_support,vendor_vpn,YES,2026-10-05T04:35:00,2026-10-05T07:32:00,YES
RA-00406,OT-01697,PLT-16,shared_support,jump_host,YES,2026-09-26T20:59:00,2026-09-26T22:10:00,YES
RA-00407,OT-01407,PLT-13,unknown,vendor_vpn,YES,2026-09-15T00:12:00,2026-09-15T01:50:00,YES
RA-00408,OT-00278,PLT-03,shared_support,jump_host,UNKNOWN,2026-09-05T12:03:00,2026-09-05T14:07:00,UNKNOWN
RA-00409,OT-00043,PLT-01,shared_support,jump_host,UNKNOWN,2026-10-03T18:42:00,2026-10-03T20:40:00,YES
RA-00410,OT-01199,PLT-11,vendor.engineer,vendor_vpn,YES,2026-10-03T19:36:00,2026-10-03T22:22:00,YES
RA-00411,OT-00563,PLT-06,contractor,jump_host,NO,2026-10-04T19:40:00,2026-10-04T20:08:00,YES
RA-00412,OT-01619,PLT-15,site.engineer,jump_host,YES,2026-09-25T01:07:00,2026-09-25T03:57:00,YES
RA-00413,OT-00013,PLT-01,shared_support,jump_host,UNKNOWN,2026-10-02T06:53:00,2026-10-02T08:32:00,YES
RA-00414,OT-01207,PLT-12,unknown,jump_host,YES,2026-10-01T19:34:00,2026-10-01T22:29:00,YES
RA-00415,OT-01071,PLT-10,unknown,vendor_vpn,YES,2026-09-30T15:36:00,2026-09-30T18:18:00,YES
RA-00416,OT-01050,PLT-10,contractor,vendor_vpn,YES,2026-09-03T10:45:00,2026-09-03T11:58:00,UNKNOWN
RA-00417,OT-01605,PLT-15,contractor,local_service_laptop,YES,2026-10-05T18:42:00,2026-10-05T20:44:00,YES
RA-00418,OT-01255,PLT-12,unknown,remote_desktop,YES,2026-10-05T15:35:00,2026-10-05T17:19:00,YES
RA-00419,OT-01155,PLT-11,unknown,remote_desktop,YES,2026-09-15T02:37:00,2026-09-15T05:01:00,YES
RA-00420,OT-01779,PLT-16,shared_support,remote_desktop,YES,2026-10-03T18:44:00,2026-10-03T21:37:00,YES
RA-00421,OT-01594,PLT-15,contractor,local_service_laptop,YES,2026-09-28T21:03:00,2026-09-28T22:09:00,YES
RA-00422,OT-00226,PLT-03,site.engineer,remote_desktop,YES,2026-09-19T13:41:00,2026-09-19T14:49:00,NO
RA-00423,OT-01557,PLT-15,contractor,jump_host,YES,2026-09-04T16:51:00,2026-09-04T19:08:00,YES
RA-00424,OT-01281,PLT-12,vendor.engineer,vendor_vpn,YES,2026-09-02T22:24:00,2026-09-02T23:34:00,YES
RA-00425,OT-00337,PLT-04,contractor,local_service_laptop,YES,2026-10-04T20:56:00,2026-10-04T22:10:00,YES
RA-00426,OT-00426,PLT-04,unknown,remote_desktop,UNKNOWN,2026-09-05T13:48:00,2026-09-05T15:03:00,YES
RA-00427,OT-01625,PLT-15,site.engineer,vendor_vpn,YES,2026-09-08T11:11:00,2026-09-08T12:17:00,YES
RA-00428,OT-00888,PLT-09,contractor,jump_host,YES,2026-09-18T10:09:00,2026-09-18T11:17:00,YES
RA-00429,OT-01198,PLT-11,contractor,vendor_vpn,YES,2026-09-03T13:27:00,2026-09-03T15:54:00,YES
RA-00430,OT-00070,PLT-01,shared_support,local_service_laptop,YES,2026-10-05T18:11:00,2026-10-05T20:05:00,UNKNOWN
RA-00431,OT-01155,PLT-11,shared_support,jump_host,YES,2026-09-02T00:57:00,2026-09-02T03:42:00,NO
RA-00432,OT-00085,PLT-01,vendor.engineer,remote_desktop,YES,2026-09-24T20:03:00,2026-09-24T21:20:00,YES
RA-00433,OT-01135,PLT-11,site.engineer,jump_host,YES,2026-09-25T12:30:00,2026-09-25T14:36:00,YES
RA-00434,OT-00297,PLT-03,unknown,vendor_vpn,YES,2026-09-09T18:54:00,2026-09-09T20:35:00,NO
RA-00435,OT-01167,PLT-11,unknown,local_service_laptop,NO,2026-10-02T01:05:00,2026-10-02T02:26:00,YES
RA-00436,OT-01430,PLT-14,site.engineer,remote_desktop,YES,2026-09-14T18:34:00,2026-09-14T21:13:00,YES
RA-00437,OT-01821,PLT-17,vendor.engineer,jump_host,YES,2026-09-08T13:05:00,2026-09-08T13:58:00,YES
RA-00438,OT-00976,PLT-09,vendor.engineer,local_service_laptop,YES,2026-10-01T18:06:00,2026-10-01T18:54:00,YES
RA-00439,OT-00645,PLT-07,shared_support,jump_host,YES,2026-09-10T22:22:00,2026-09-11T00:57:00,YES
RA-00440,OT-01502,PLT-14,contractor,remote_desktop,YES,2026-09-19T18:28:00,2026-09-19T19:45:00,UNKNOWN
RA-00441,OT-01074,PLT-10,vendor.engineer,remote_desktop,YES,2026-09-30T05:47:00,2026-09-30T06:53:00,UNKNOWN
RA-00442,OT-01870,PLT-17,contractor,jump_host,YES,2026-09-12T04:39:00,2026-09-12T05:45:00,YES
RA-00443,OT-01507,PLT-14,shared_support,jump_host,YES,2026-09-07T20:01:00,2026-09-07T21:10:00,UNKNOWN
RA-00444,OT-00776,PLT-08,vendor.engineer,local_service_laptop,YES,2026-09-19T02:25:00,2026-09-19T04:41:00,YES
RA-00445,OT-00925,PLT-09,vendor.engineer,vendor_vpn,YES,2026-09-28T10:36:00,2026-09-28T11:51:00,YES
RA-00446,OT-00552,PLT-06,site.engineer,vendor_vpn,UNKNOWN,2026-09-30T18:41:00,2026-09-30T18:49:00,YES
RA-00447,OT-01642,PLT-15,shared_support,remote_desktop,YES,2026-09-26T19:28:00,2026-09-26T20:40:00,NO
RA-00448,OT-01593,PLT-15,contractor,remote_desktop,YES,2026-10-01T01:44:00,2026-10-01T04:12:00,YES
RA-00449,OT-01556,PLT-15,shared_support,jump_host,YES,2026-10-01T00:29:00,2026-10-01T02:20:00,YES
RA-00450,OT-00733,PLT-07,site.engineer,remote_desktop,YES,2026-10-01T20:26:00,2026-10-01T23:10:00,YES
RA-00451,OT-00580,PLT-06,shared_support,remote_desktop,YES,2026-09-06T06:00:00,2026-09-06T06:33:00,YES
RA-00452,OT-01813,PLT-17,contractor,jump_host,YES,2026-09-01T00:57:00,2026-09-01T03:35:00,NO
RA-00453,OT-00895,PLT-09,contractor,remote_desktop,YES,2026-09-05T15:53:00,2026-09-05T16:52:00,YES
RA-00454,OT-00323,PLT-04,vendor.engineer,local_service_laptop,YES,2026-09-08T14:47:00,2026-09-08T15:32:00,YES
RA-00455,OT-00486,PLT-05,contractor,remote_desktop,NO,2026-09-16T01:38:00,2026-09-16T02:59:00,YES
RA-00456,OT-01382,PLT-13,shared_support,vendor_vpn,YES,2026-09-21T03:20:00,2026-09-21T05:36:00,YES
RA-00457,OT-01350,PLT-13,contractor,local_service_laptop,YES,2026-09-10T09:13:00,2026-09-10T10:02:00,YES
RA-00458,OT-00128,PLT-02,site.engineer,local_service_laptop,YES,2026-09-20T00:30:00,2026-09-20T02:48:00,UNKNOWN
RA-00459,OT-00242,PLT-03,unknown,local_service_laptop,YES,2026-09-25T07:58:00,2026-09-25T09:12:00,YES
RA-00460,OT-00948,PLT-09,contractor,jump_host,YES,2026-09-04T12:08:00,2026-09-04T13:22:00,YES
RA-00461,OT-00261,PLT-03,contractor,remote_desktop,YES,2026-09-23T00:58:00,2026-09-23T01:40:00,YES
RA-00462,OT-00591,PLT-06,vendor.engineer,vendor_vpn,NO,2026-09-05T10:38:00,2026-09-05T11:27:00,NO
RA-00463,OT-01809,PLT-17,unknown,jump_host,YES,2026-09-10T00:15:00,2026-09-10T02:12:00,YES
RA-00464,OT-00650,PLT-07,contractor,vendor_vpn,YES,2026-10-04T02:49:00,2026-10-04T04:34:00,YES
RA-00465,OT-01705,PLT-16,shared_support,local_service_laptop,YES,2026-09-10T02:45:00,2026-09-10T03:28:00,YES
RA-00466,OT-01932,PLT-18,site.engineer,remote_desktop,NO,2026-09-02T06:57:00,2026-09-02T09:56:00,UNKNOWN
RA-00467,OT-01733,PLT-16,vendor.engineer,jump_host,YES,2026-09-12T02:32:00,2026-09-12T03:24:00,YES
RA-00468,OT-00619,PLT-06,site.engineer,remote_desktop,YES,2026-09-27T22:17:00,2026-09-27T22:26:00,YES
RA-00469,OT-01155,PLT-11,vendor.engineer,remote_desktop,YES,2026-09-04T18:06:00,2026-09-04T19:15:00,YES
RA-00470,OT-00301,PLT-03,unknown,local_service_laptop,YES,2026-09-21T05:26:00,2026-09-21T07:47:00,YES
RA-00471,OT-00092,PLT-01,unknown,jump_host,NO,2026-09-27T04:03:00,2026-09-27T05:31:00,YES
RA-00472,OT-01761,PLT-16,vendor.engineer,local_service_laptop,YES,2026-09-24T19:18:00,2026-09-24T21:46:00,YES
RA-00473,OT-01080,PLT-10,vendor.engineer,vendor_vpn,YES,2026-09-05T15:50:00,2026-09-05T16:34:00,YES
RA-00474,OT-01659,PLT-15,contractor,local_service_laptop,UNKNOWN,2026-09-01T18:04:00,2026-09-01T20:11:00,UNKNOWN
RA-00475,OT-00055,PLT-01,shared_support,vendor_vpn,YES,2026-09-13T05:42:00,2026-09-13T07:50:00,NO
RA-00476,OT-01401,PLT-13,contractor,local_service_laptop,YES,2026-09-22T06:42:00,2026-09-22T07:08:00,YES
RA-00477,OT-00086,PLT-01,site.engineer,jump_host,YES,2026-09-18T14:17:00,2026-09-18T16:53:00,YES
RA-00478,OT-01137,PLT-11,site.engineer,remote_desktop,YES,2026-09-01T00:15:00,2026-09-01T00:46:00,YES
RA-00479,OT-01654,PLT-15,unknown,remote_desktop,YES,2026-09-17T00:50:00,2026-09-17T02:47:00,UNKNOWN
RA-00480,OT-01433,PLT-14,site.engineer,remote_desktop,YES,2026-09-03T01:38:00,2026-09-03T02:46:00,YES
RA-00481,OT-00430,PLT-04,shared_support,vendor_vpn,YES,2026-10-04T10:39:00,2026-10-04T12:08:00,YES
RA-00482,OT-01422,PLT-13,site.engineer,remote_desktop,YES,2026-09-08T06:09:00,2026-09-08T08:31:00,YES
RA-00483,OT-00129,PLT-02,unknown,local_service_laptop,YES,2026-10-05T10:05:00,2026-10-05T12:17:00,UNKNOWN
RA-00484,OT-01062,PLT-10,site.engineer,jump_host,UNKNOWN,2026-09-24T18:55:00,2026-09-24T20:43:00,YES
RA-00485,OT-00522,PLT-05,unknown,local_service_laptop,YES,2026-09-09T07:02:00,2026-09-09T07:39:00,YES
RA-00486,OT-00735,PLT-07,unknown,remote_desktop,YES,2026-09-07T22:49:00,2026-09-08T00:17:00,YES
RA-00487,OT-00835,PLT-08,shared_support,vendor_vpn,YES,2026-09-08T09:23:00,2026-09-08T11:00:00,YES
RA-00488,OT-01205,PLT-11,shared_support,local_service_laptop,YES,2026-09-05T23:20:00,2026-09-06T01:45:00,NO
RA-00489,OT-00526,PLT-05,unknown,remote_desktop,YES,2026-09-07T10:32:00,2026-09-07T12:38:00,YES
RA-00490,OT-01001,PLT-10,vendor.engineer,vendor_vpn,YES,2026-09-19T09:50:00,2026-09-19T10:35:00,YES
RA-00491,OT-01471,PLT-14,site.engineer,local_service_laptop,UNKNOWN,2026-09-22T22:12:00,2026-09-23T00:49:00,YES
RA-00492,OT-00188,PLT-02,shared_support,jump_host,YES,2026-09-15T02:02:00,2026-09-15T04:30:00,YES
RA-00493,OT-00404,PLT-04,unknown,local_service_laptop,YES,2026-09-06T02:44:00,2026-09-06T05:17:00,YES
RA-00494,OT-01443,PLT-14,unknown,jump_host,YES,2026-09-07T19:31:00,2026-09-07T20:21:00,YES
RA-00495,OT-00350,PLT-04,site.engineer,remote_desktop,YES,2026-09-02T12:48:00,2026-09-02T13:19:00,NO
RA-00496,OT-01988,PLT-18,unknown,vendor_vpn,YES,2026-09-25T19:54:00,2026-09-25T22:08:00,YES
RA-00497,OT-01280,PLT-12,site.engineer,remote_desktop,YES,2026-09-03T10:37:00,2026-09-03T12:49:00,YES
RA-00498,OT-00054,PLT-01,shared_support,local_service_laptop,YES,2026-09-07T05:04:00,2026-09-07T07:26:00,YES
RA-00499,OT-01254,PLT-12,contractor,vendor_vpn,YES,2026-09-30T20:36:00,2026-09-30T22:37:00,YES
RA-00500,OT-00777,PLT-08,shared_support,remote_desktop,YES,2026-09-28T15:50:00,2026-09-28T17:25:00,YES
RA-00501,OT-00519,PLT-05,shared_support,local_service_laptop,YES,2026-09-09T15:11:00,2026-09-09T16:42:00,YES
RA-00502,OT-01946,PLT-18,contractor,jump_host,YES,2026-09-30T09:07:00,2026-09-30T10:39:00,NO
RA-00503,OT-00428,PLT-04,contractor,jump_host,YES,2026-10-05T08:01:00,2026-10-05T09:05:00,YES
RA-00504,OT-00446,PLT-05,unknown,vendor_vpn,YES,2026-09-23T01:46:00,2026-09-23T02:14:00,UNKNOWN
RA-00505,OT-01365,PLT-13,unknown,vendor_vpn,YES,2026-09-19T05:11:00,2026-09-19T07:16:00,YES
RA-00506,OT-01678,PLT-16,contractor,remote_desktop,YES,2026-09-09T12:02:00,2026-09-09T13:51:00,YES
RA-00507,OT-00329,PLT-04,site.engineer,local_service_laptop,YES,2026-09-02T15:33:00,2026-09-02T17:49:00,YES
RA-00508,OT-00617,PLT-06,contractor,jump_host,YES,2026-09-02T12:38:00,2026-09-02T14:59:00,NO
RA-00509,OT-00258,PLT-03,unknown,remote_desktop,YES,2026-09-16T11:07:00,2026-09-16T12:44:00,NO
RA-00510,OT-00276,PLT-03,site.engineer,vendor_vpn,YES,2026-09-25T01:48:00,2026-09-25T03:46:00,YES
RA-00511,OT-00029,PLT-01,vendor.engineer,local_service_laptop,UNKNOWN,2026-09-22T13:50:00,2026-09-22T15:58:00,UNKNOWN
RA-00512,OT-01508,PLT-14,site.engineer,remote_desktop,YES,2026-09-30T07:37:00,2026-09-30T09:47:00,YES
RA-00513,OT-01276,PLT-12,unknown,local_service_laptop,YES,2026-09-22T05:59:00,2026-09-22T06:50:00,YES
RA-00514,OT-00048,PLT-01,shared_support,jump_host,UNKNOWN,2026-10-02T02:32:00,2026-10-02T04:38:00,YES
RA-00515,OT-00496,PLT-05,vendor.engineer,local_service_laptop,YES,2026-09-21T07:26:00,2026-09-21T08:33:00,YES
RA-00516,OT-01135,PLT-11,shared_support,remote_desktop,YES,2026-09-03T13:04:00,2026-09-03T14:30:00,YES
RA-00517,OT-01537,PLT-14,site.engineer,vendor_vpn,NO,2026-09-24T15:24:00,2026-09-24T17:38:00,YES
RA-00518,OT-01933,PLT-18,contractor,vendor_vpn,YES,2026-09-18T15:18:00,2026-09-18T16:10:00,NO
RA-00519,OT-00089,PLT-01,site.engineer,jump_host,NO,2026-09-20T20:41:00,2026-09-20T23:30:00,YES
RA-00520,OT-00855,PLT-08,site.engineer,remote_desktop,NO,2026-09-28T15:38:00,2026-09-28T16:12:00,YES
RA-00521,OT-01875,PLT-17,contractor,remote_desktop,YES,2026-09-08T09:36:00,2026-09-08T12:14:00,YES
RA-00522,OT-01485,PLT-14,shared_support,local_service_laptop,YES,2026-09-19T15:32:00,2026-09-19T18:11:00,UNKNOWN
RA-00523,OT-01038,PLT-10,contractor,local_service_laptop,YES,2026-10-04T19:51:00,2026-10-04T21:59:00,YES
RA-00524,OT-00468,PLT-05,unknown,local_service_laptop,YES,2026-09-22T02:15:00,2026-09-22T03:04:00,YES
RA-00525,OT-00880,PLT-08,shared_support,local_service_laptop,UNKNOWN,2026-09-20T17:13:00,2026-09-20T19:55:00,UNKNOWN
RA-00526,OT-01849,PLT-17,shared_support,vendor_vpn,YES,2026-09-15T19:25:00,2026-09-15T19:56:00,UNKNOWN
RA-00527,OT-01793,PLT-17,site.engineer,vendor_vpn,UNKNOWN,2026-09-07T01:47:00,2026-09-07T02:56:00,YES
RA-00528,OT-01918,PLT-18,vendor.engineer,remote_desktop,YES,2026-09-01T01:10:00,2026-09-01T02:45:00,YES
RA-00529,OT-01574,PLT-15,shared_support,local_service_laptop,UNKNOWN,2026-09-16T09:22:00,2026-09-16T11:50:00,YES
RA-00530,OT-01665,PLT-15,site.engineer,remote_desktop,YES,2026-09-30T15:51:00,2026-09-30T18:25:00,YES
RA-00531,OT-00974,PLT-09,vendor.engineer,jump_host,NO,2026-10-05T18:29:00,2026-10-05T19:07:00,YES
RA-00532,OT-01272,PLT-12,vendor.engineer,local_service_laptop,YES,2026-09-24T23:13:00,2026-09-24T23:58:00,YES
RA-00533,OT-00024,PLT-01,contractor,jump_host,UNKNOWN,2026-09-28T15:49:00,2026-09-28T16:16:00,YES
RA-00534,OT-01228,PLT-12,vendor.engineer,vendor_vpn,YES,2026-09-06T10:24:00,2026-09-06T12:17:00,YES
RA-00535,OT-01722,PLT-16,site.engineer,jump_host,YES,2026-09-04T10:13:00,2026-09-04T11:05:00,YES
RA-00536,OT-00537,PLT-06,shared_support,remote_desktop,NO,2026-09-03T09:15:00,2026-09-03T11:46:00,UNKNOWN
RA-00537,OT-01467,PLT-14,contractor,vendor_vpn,YES,2026-09-11T08:12:00,2026-09-11T10:25:00,YES
RA-00538,OT-00482,PLT-05,shared_support,remote_desktop,YES,2026-10-01T18:00:00,2026-10-01T20:05:00,YES
RA-00539,OT-00363,PLT-04,contractor,local_service_laptop,UNKNOWN,2026-09-13T22:06:00,2026-09-14T01:06:00,YES
RA-00540,OT-00974,PLT-09,unknown,remote_desktop,UNKNOWN,2026-09-16T14:45:00,2026-09-16T17:02:00,YES
RA-00541,OT-00047,PLT-01,vendor.engineer,jump_host,YES,2026-09-30T17:42:00,2026-09-30T19:11:00,YES
RA-00542,OT-01750,PLT-16,contractor,vendor_vpn,UNKNOWN,2026-09-28T10:16:00,2026-09-28T12:05:00,YES
RA-00543,OT-01164,PLT-11,vendor.engineer,vendor_vpn,YES,2026-09-21T05:04:00,2026-09-21T06:35:00,NO
RA-00544,OT-00873,PLT-08,site.engineer,remote_desktop,YES,2026-10-02T00:56:00,2026-10-02T03:36:00,YES
RA-00545,OT-00138,PLT-02,unknown,remote_desktop,YES,2026-09-23T10:58:00,2026-09-23T11:47:00,YES
RA-00546,OT-00082,PLT-01,contractor,remote_desktop,YES,2026-09-26T02:01:00,2026-09-26T04:34:00,YES
RA-00547,OT-01684,PLT-16,vendor.engineer,jump_host,YES,2026-09-09T06:19:00,2026-09-09T06:30:00,YES
RA-00548,OT-00900,PLT-09,contractor,vendor_vpn,YES,2026-10-01T18:13:00,2026-10-01T20:26:00,YES
RA-00549,OT-01639,PLT-15,vendor.engineer,remote_desktop,YES,2026-09-04T23:03:00,2026-09-05T01:01:00,YES
RA-00550,OT-00690,PLT-07,site.engineer,jump_host,UNKNOWN,2026-09-04T07:02:00,2026-09-04T07:17:00,YES
RA-00551,OT-01470,PLT-14,unknown,jump_host,UNKNOWN,2026-09-02T20:54:00,2026-09-02T23:50:00,YES
RA-00552,OT-00215,PLT-03,shared_support,jump_host,YES,2026-09-19T06:09:00,2026-09-19T07:57:00,YES
RA-00553,OT-01536,PLT-14,unknown,vendor_vpn,YES,2026-09-02T09:11:00,2026-09-02T11:41:00,YES
RA-00554,OT-00007,PLT-01,shared_support,local_service_laptop,YES,2026-09-03T16:02:00,2026-09-03T16:19:00,NO
RA-00555,OT-01624,PLT-15,unknown,remote_desktop,YES,2026-09-01T10:55:00,2026-09-01T13:14:00,YES
RA-00556,OT-00288,PLT-03,vendor.engineer,local_service_laptop,NO,2026-09-14T16:21:00,2026-09-14T19:06:00,YES
RA-00557,OT-01471,PLT-14,shared_support,local_service_laptop,YES,2026-09-16T14:24:00,2026-09-16T16:34:00,YES
RA-00558,OT-01988,PLT-18,shared_support,local_service_laptop,YES,2026-09-08T21:54:00,2026-09-09T00:19:00,NO
RA-00559,OT-02016,PLT-18,unknown,vendor_vpn,YES,2026-09-04T21:00:00,2026-09-04T22:55:00,YES
RA-00560,OT-01408,PLT-13,shared_support,local_service_laptop,YES,2026-09-12T07:04:00,2026-09-12T09:43:00,YES
RA-00561,OT-00033,PLT-01,contractor,vendor_vpn,YES,2026-09-07T08:29:00,2026-09-07T10:24:00,YES
RA-00562,OT-00658,PLT-07,vendor.engineer,local_service_laptop,YES,2026-09-03T12:34:00,2026-09-03T13:49:00,YES
RA-00563,OT-01898,PLT-18,vendor.engineer,jump_host,YES,2026-09-18T20:45:00,2026-09-18T23:28:00,YES
RA-00564,OT-00131,PLT-02,contractor,remote_desktop,YES,2026-09-21T13:34:00,2026-09-21T13:45:00,YES
RA-00565,OT-00819,PLT-08,contractor,jump_host,NO,2026-10-04T06:30:00,2026-10-04T07:01:00,YES
RA-00566,OT-00450,PLT-05,vendor.engineer,remote_desktop,YES,2026-09-29T01:17:00,2026-09-29T03:35:00,UNKNOWN
RA-00567,OT-01990,PLT-18,site.engineer,vendor_vpn,YES,2026-09-13T10:12:00,2026-09-13T10:48:00,YES
RA-00568,OT-00417,PLT-04,vendor.engineer,remote_desktop,YES,2026-09-18T01:46:00,2026-09-18T04:11:00,YES
RA-00569,OT-01234,PLT-12,vendor.engineer,vendor_vpn,YES,2026-10-01T10:04:00,2026-10-01T11:24:00,NO
RA-00570,OT-00912,PLT-09,unknown,local_service_laptop,YES,2026-09-02T13:23:00,2026-09-02T14:08:00,UNKNOWN
RA-00571,OT-02012,PLT-18,vendor.engineer,jump_host,YES,2026-10-01T18:40:00,2026-10-01T20:58:00,YES
RA-00572,OT-00313,PLT-03,contractor,local_service_laptop,NO,2026-09-29T20:32:00,2026-09-29T22:17:00,UNKNOWN
RA-00573,OT-01545,PLT-14,unknown,vendor_vpn,YES,2026-10-04T08:08:00,2026-10-04T08:20:00,YES
RA-00574,OT-00027,PLT-01,unknown,jump_host,YES,2026-09-15T11:59:00,2026-09-15T13:18:00,YES
RA-00575,OT-01930,PLT-18,unknown,local_service_laptop,YES,2026-09-16T22:29:00,2026-09-16T23:31:00,UNKNOWN
RA-00576,OT-00784,PLT-08,contractor,vendor_vpn,YES,2026-09-11T01:03:00,2026-09-11T03:34:00,YES
RA-00577,OT-01465,PLT-14,contractor,jump_host,YES,2026-09-27T12:43:00,2026-09-27T14:53:00,YES
RA-00578,OT-01148,PLT-11,site.engineer,remote_desktop,YES,2026-10-03T06:34:00,2026-10-03T08:31:00,UNKNOWN
RA-00579,OT-01310,PLT-13,contractor,jump_host,UNKNOWN,2026-09-20T03:04:00,2026-09-20T04:57:00,YES
RA-00580,OT-00334,PLT-04,unknown,jump_host,YES,2026-09-30T16:55:00,2026-09-30T19:54:00,YES
RA-00581,OT-01779,PLT-16,site.engineer,jump_host,YES,2026-10-04T02:45:00,2026-10-04T05:40:00,YES
RA-00582,OT-01892,PLT-17,site.engineer,local_service_laptop,YES,2026-09-09T02:07:00,2026-09-09T02:57:00,UNKNOWN
RA-00583,OT-01588,PLT-15,contractor,remote_desktop,NO,2026-09-10T02:08:00,2026-09-10T05:04:00,UNKNOWN
RA-00584,OT-01168,PLT-11,site.engineer,remote_desktop,YES,2026-09-25T05:59:00,2026-09-25T07:47:00,YES
RA-00585,OT-00223,PLT-03,vendor.engineer,remote_desktop,YES,2026-09-24T16:26:00,2026-09-24T16:50:00,YES
RA-00586,OT-00903,PLT-09,shared_support,vendor_vpn,YES,2026-09-22T13:39:00,2026-09-22T14:13:00,NO
RA-00587,OT-00638,PLT-07,site.engineer,remote_desktop,YES,2026-09-08T06:39:00,2026-09-08T08:21:00,YES
RA-00588,OT-01321,PLT-13,vendor.engineer,jump_host,YES,2026-09-05T18:59:00,2026-09-05T20:45:00,YES
RA-00589,OT-00941,PLT-09,unknown,remote_desktop,YES,2026-09-21T12:50:00,2026-09-21T13:48:00,YES
RA-00590,OT-00392,PLT-04,shared_support,jump_host,YES,2026-10-05T12:44:00,2026-10-05T14:03:00,YES
RA-00591,OT-01070,PLT-10,site.engineer,remote_desktop,UNKNOWN,2026-10-02T03:26:00,2026-10-02T04:55:00,YES
RA-00592,OT-01591,PLT-15,shared_support,remote_desktop,YES,2026-09-04T21:05:00,2026-09-04T22:34:00,YES
RA-00593,OT-01985,PLT-18,site.engineer,remote_desktop,YES,2026-09-16T07:37:00,2026-09-16T08:40:00,YES
RA-00594,OT-00018,PLT-01,shared_support,jump_host,YES,2026-09-12T16:38:00,2026-09-12T17:11:00,YES
RA-00595,OT-00650,PLT-07,unknown,local_service_laptop,YES,2026-09-20T10:49:00,2026-09-20T13:11:00,UNKNOWN
RA-00596,OT-01047,PLT-10,unknown,jump_host,YES,2026-10-01T01:14:00,2026-10-01T02:47:00,YES
RA-00597,OT-01057,PLT-10,site.engineer,vendor_vpn,YES,2026-09-13T00:22:00,2026-09-13T01:23:00,YES
RA-00598,OT-00620,PLT-06,unknown,jump_host,NO,2026-10-01T17:33:00,2026-10-01T18:59:00,YES
RA-00599,OT-01878,PLT-17,shared_support,jump_host,NO,2026-09-29T13:47:00,2026-09-29T16:37:00,YES
RA-00600,OT-01103,PLT-10,shared_support,remote_desktop,YES,2026-09-17T20:00:00,2026-09-17T21:15:00,YES
RA-00601,OT-01228,PLT-12,vendor.engineer,local_service_laptop,UNKNOWN,2026-09-23T20:34:00,2026-09-23T23:15:00,YES
RA-00602,OT-01895,PLT-17,vendor.engineer,vendor_vpn,NO,2026-09-16T00:23:00,2026-09-16T00:30:00,YES
RA-00603,OT-01952,PLT-18,unknown,jump_host,YES,2026-09-04T05:21:00,2026-09-04T07:30:00,UNKNOWN
RA-00604,OT-01430,PLT-14,unknown,vendor_vpn,YES,2026-10-04T11:29:00,2026-10-04T12:04:00,YES
RA-00605,OT-02006,PLT-18,site.engineer,local_service_laptop,NO,2026-09-22T05:01:00,2026-09-22T07:54:00,YES
RA-00606,OT-01024,PLT-10,vendor.engineer,remote_desktop,YES,2026-09-27T05:58:00,2026-09-27T07:13:00,UNKNOWN
RA-00607,OT-01314,PLT-13,site.engineer,vendor_vpn,YES,2026-09-28T15:21:00,2026-09-28T16:45:00,YES
RA-00608,OT-00901,PLT-09,contractor,vendor_vpn,YES,2026-09-15T09:20:00,2026-09-15T10:46:00,YES
RA-00609,OT-01501,PLT-14,site.engineer,remote_desktop,YES,2026-10-04T18:52:00,2026-10-04T20:06:00,UNKNOWN
RA-00610,OT-00934,PLT-09,site.engineer,vendor_vpn,YES,2026-09-11T12:42:00,2026-09-11T15:13:00,YES
RA-00611,OT-00525,PLT-05,shared_support,remote_desktop,NO,2026-09-03T16:01:00,2026-09-03T18:27:00,YES
RA-00612,OT-00401,PLT-04,site.engineer,jump_host,YES,2026-09-05T00:38:00,2026-09-05T02:51:00,YES
RA-00613,OT-01655,PLT-15,site.engineer,local_service_laptop,YES,2026-09-12T01:07:00,2026-09-12T01:36:00,YES
RA-00614,OT-00459,PLT-05,unknown,vendor_vpn,YES,2026-10-04T15:14:00,2026-10-04T15:40:00,YES
RA-00615,OT-01867,PLT-17,site.engineer,local_service_laptop,NO,2026-09-02T17:36:00,2026-09-02T20:10:00,YES
RA-00616,OT-00548,PLT-06,vendor.engineer,vendor_vpn,UNKNOWN,2026-09-14T16:24:00,2026-09-14T17:27:00,YES
RA-00617,OT-00646,PLT-07,contractor,vendor_vpn,YES,2026-09-29T17:20:00,2026-09-29T19:14:00,UNKNOWN
RA-00618,OT-01495,PLT-14,vendor.engineer,remote_desktop,YES,2026-09-26T23:23:00,2026-09-27T01:23:00,YES
RA-00619,OT-00223,PLT-03,site.engineer,vendor_vpn,NO,2026-09-20T20:47:00,2026-09-20T21:53:00,YES
RA-00620,OT-00952,PLT-09,shared_support,vendor_vpn,YES,2026-10-03T14:27:00,2026-10-03T16:34:00,YES
RA-00621,OT-00701,PLT-07,vendor.engineer,remote_desktop,YES,2026-09-10T18:33:00,2026-09-10T19:26:00,YES
RA-00622,OT-01724,PLT-16,shared_support,vendor_vpn,YES,2026-09-15T21:58:00,2026-09-15T23:46:00,NO
RA-00623,OT-01520,PLT-14,site.engineer,local_service_laptop,YES,2026-09-24T18:18:00,2026-09-24T19:21:00,YES
RA-00624,OT-01371,PLT-13,site.engineer,vendor_vpn,UNKNOWN,2026-09-06T13:33:00,2026-09-06T15:32:00,YES
RA-00625,OT-00741,PLT-07,contractor,local_service_laptop,YES,2026-09-21T18:43:00,2026-09-21T19:11:00,YES
RA-00626,OT-01903,PLT-18,shared_support,vendor_vpn,YES,2026-09-11T03:31:00,2026-09-11T06:05:00,YES
RA-00627,OT-00015,PLT-01,contractor,jump_host,YES,2026-10-02T12:49:00,2026-10-02T13:03:00,YES
RA-00628,OT-01260,PLT-12,unknown,local_service_laptop,YES,2026-09-06T17:07:00,2026-09-06T18:17:00,YES
RA-00629,OT-01324,PLT-13,unknown,local_service_laptop,YES,2026-09-14T00:45:00,2026-09-14T01:25:00,YES
RA-00630,OT-00477,PLT-05,vendor.engineer,jump_host,YES,2026-10-04T17:02:00,2026-10-04T17:37:00,YES
RA-00631,OT-00442,PLT-05,contractor,remote_desktop,YES,2026-09-29T11:30:00,2026-09-29T12:17:00,UNKNOWN
RA-00632,OT-01321,PLT-13,vendor.engineer,jump_host,UNKNOWN,2026-09-12T14:35:00,2026-09-12T16:59:00,NO
RA-00633,OT-00411,PLT-04,unknown,remote_desktop,UNKNOWN,2026-09-11T05:39:00,2026-09-11T08:37:00,YES
RA-00634,OT-01509,PLT-14,site.engineer,vendor_vpn,YES,2026-09-25T21:51:00,2026-09-25T23:50:00,YES
RA-00635,OT-00975,PLT-09,unknown,remote_desktop,YES,2026-10-03T11:57:00,2026-10-03T13:26:00,YES
RA-00636,OT-00628,PLT-06,contractor,local_service_laptop,YES,2026-09-16T07:42:00,2026-09-16T08:08:00,UNKNOWN
RA-00637,OT-00533,PLT-06,unknown,remote_desktop,YES,2026-09-04T17:48:00,2026-09-04T19:42:00,YES
RA-00638,OT-01120,PLT-11,site.engineer,remote_desktop,UNKNOWN,2026-09-04T00:31:00,2026-09-04T03:31:00,NO
RA-00639,OT-01374,PLT-13,vendor.engineer,local_service_laptop,YES,2026-09-19T17:07:00,2026-09-19T19:00:00,NO
RA-00640,OT-00210,PLT-03,unknown,local_service_laptop,YES,2026-10-03T10:12:00,2026-10-03T12:11:00,YES
RA-00641,OT-00745,PLT-07,unknown,vendor_vpn,YES,2026-09-21T20:10:00,2026-09-21T22:38:00,YES
RA-00642,OT-01899,PLT-18,shared_support,local_service_laptop,YES,2026-09-06T12:20:00,2026-09-06T12:52:00,UNKNOWN
RA-00643,OT-01331,PLT-13,site.engineer,jump_host,YES,2026-09-15T03:10:00,2026-09-15T04:52:00,YES
RA-00644,OT-01475,PLT-14,contractor,local_service_laptop,YES,2026-09-05T20:48:00,2026-09-05T21:06:00,YES
RA-00645,OT-00647,PLT-07,shared_support,vendor_vpn,YES,2026-09-19T22:07:00,2026-09-20T00:20:00,YES
RA-00646,OT-00562,PLT-06,contractor,jump_host,YES,2026-09-17T23:41:00,2026-09-18T02:00:00,YES
RA-00647,OT-00336,PLT-04,shared_support,jump_host,YES,2026-09-22T00:05:00,2026-09-22T02:54:00,YES
RA-00648,OT-00048,PLT-01,vendor.engineer,local_service_laptop,YES,2026-09-20T13:54:00,2026-09-20T16:05:00,UNKNOWN
RA-00649,OT-00447,PLT-05,vendor.engineer,local_service_laptop,YES,2026-09-24T17:19:00,2026-09-24T17:48:00,YES
RA-00650,OT-00568,PLT-06,site.engineer,vendor_vpn,YES,2026-09-22T05:27:00,2026-09-22T07:50:00,YES
RA-00651,OT-00578,PLT-06,vendor.engineer,vendor_vpn,UNKNOWN,2026-09-26T11:37:00,2026-09-26T13:33:00,YES
RA-00652,OT-01962,PLT-18,vendor.engineer,vendor_vpn,YES,2026-09-18T06:03:00,2026-09-18T06:56:00,YES
RA-00653,OT-01126,PLT-11,shared_support,jump_host,YES,2026-10-03T08:53:00,2026-10-03T09:47:00,YES
RA-00654,OT-01832,PLT-17,shared_support,remote_desktop,YES,2026-09-14T13:58:00,2026-09-14T16:26:00,YES
RA-00655,OT-00500,PLT-05,contractor,local_service_laptop,NO,2026-09-05T08:23:00,2026-09-05T09:47:00,YES
RA-00656,OT-01081,PLT-10,site.engineer,jump_host,UNKNOWN,2026-10-01T21:53:00,2026-10-01T23:56:00,YES
RA-00657,OT-00060,PLT-01,contractor,remote_desktop,YES,2026-09-08T00:51:00,2026-09-08T02:08:00,YES
RA-00658,OT-01327,PLT-13,contractor,vendor_vpn,YES,2026-09-23T09:38:00,2026-09-23T10:22:00,NO
RA-00659,OT-01885,PLT-17,shared_support,jump_host,UNKNOWN,2026-09-30T01:59:00,2026-09-30T02:23:00,YES
RA-00660,OT-01052,PLT-10,site.engineer,remote_desktop,UNKNOWN,2026-09-19T19:38:00,2026-09-19T19:47:00,YES
RA-00661,OT-00511,PLT-05,contractor,remote_desktop,YES,2026-09-30T19:41:00,2026-09-30T22:40:00,YES
RA-00662,OT-00231,PLT-03,vendor.engineer,local_service_laptop,YES,2026-09-20T00:33:00,2026-09-20T03:21:00,YES
RA-00663,OT-00268,PLT-03,unknown,local_service_laptop,YES,2026-09-29T11:41:00,2026-09-29T13:34:00,YES
RA-00664,OT-01272,PLT-12,site.engineer,remote_desktop,NO,2026-10-04T15:21:00,2026-10-04T16:03:00,YES
RA-00665,OT-00485,PLT-05,unknown,local_service_laptop,YES,2026-09-19T05:53:00,2026-09-19T08:39:00,NO
RA-00666,OT-00794,PLT-08,site.engineer,vendor_vpn,YES,2026-09-01T07:28:00,2026-09-01T10:27:00,YES
RA-00667,OT-01162,PLT-11,unknown,vendor_vpn,UNKNOWN,2026-09-29T17:37:00,2026-09-29T18:32:00,YES
RA-00668,OT-00262,PLT-03,contractor,remote_desktop,YES,2026-09-21T07:50:00,2026-09-21T09:36:00,YES
RA-00669,OT-00802,PLT-08,contractor,vendor_vpn,YES,2026-09-19T17:28:00,2026-09-19T18:21:00,YES
RA-00670,OT-01928,PLT-18,shared_support,local_service_laptop,UNKNOWN,2026-09-18T03:06:00,2026-09-18T04:51:00,YES
RA-00671,OT-01199,PLT-11,site.engineer,local_service_laptop,NO,2026-09-25T05:36:00,2026-09-25T06:18:00,UNKNOWN
RA-00672,OT-00635,PLT-06,contractor,jump_host,YES,2026-09-02T11:52:00,2026-09-02T14:47:00,YES
RA-00673,OT-00634,PLT-06,site.engineer,jump_host,YES,2026-09-11T12:36:00,2026-09-11T13:15:00,YES
RA-00674,OT-01632,PLT-15,unknown,jump_host,YES,2026-10-02T07:06:00,2026-10-02T08:02:00,UNKNOWN
RA-00675,OT-01447,PLT-14,contractor,vendor_vpn,YES,2026-09-09T02:49:00,2026-09-09T05:18:00,YES
RA-00676,OT-00028,PLT-01,unknown,vendor_vpn,NO,2026-10-01T11:53:00,2026-10-01T14:20:00,YES
RA-00677,OT-00069,PLT-01,unknown,remote_desktop,YES,2026-09-22T09:28:00,2026-09-22T10:18:00,YES
RA-00678,OT-01384,PLT-13,unknown,local_service_laptop,YES,2026-09-22T16:09:00,2026-09-22T18:16:00,YES
RA-00679,OT-01012,PLT-10,shared_support,jump_host,YES,2026-09-25T16:23:00,2026-09-25T17:00:00,NO
RA-00680,OT-00997,PLT-10,site.engineer,remote_desktop,NO,2026-10-02T05:32:00,2026-10-02T07:31:00,YES
RA-00681,OT-01467,PLT-14,shared_support,remote_desktop,YES,2026-09-18T19:07:00,2026-09-18T21:33:00,YES
RA-00682,OT-00154,PLT-02,contractor,remote_desktop,UNKNOWN,2026-09-11T06:33:00,2026-09-11T07:58:00,UNKNOWN
RA-00683,OT-01518,PLT-14,contractor,jump_host,YES,2026-09-28T17:55:00,2026-09-28T19:29:00,YES
RA-00684,OT-01206,PLT-11,unknown,remote_desktop,YES,2026-10-05T04:22:00,2026-10-05T06:43:00,YES
RA-00685,OT-01839,PLT-17,shared_support,remote_desktop,YES,2026-09-30T19:24:00,2026-09-30T21:23:00,YES
RA-00686,OT-01422,PLT-13,site.engineer,remote_desktop,YES,2026-09-21T14:54:00,2026-09-21T16:05:00,UNKNOWN
RA-00687,OT-00583,PLT-06,unknown,jump_host,YES,2026-10-05T21:51:00,2026-10-05T23:58:00,YES
RA-00688,OT-01897,PLT-18,contractor,local_service_laptop,YES,2026-09-03T18:03:00,2026-09-03T20:55:00,NO
RA-00689,OT-01802,PLT-17,vendor.engineer,local_service_laptop,YES,2026-09-02T15:01:00,2026-09-02T16:05:00,YES
RA-00690,OT-00858,PLT-08,site.engineer,remote_desktop,YES,2026-09-18T03:32:00,2026-09-18T04:35:00,YES
RA-00691,OT-00122,PLT-02,vendor.engineer,jump_host,YES,2026-10-05T20:53:00,2026-10-05T21:01:00,YES
RA-00692,OT-00336,PLT-04,site.engineer,jump_host,YES,2026-09-27T03:09:00,2026-09-27T05:28:00,UNKNOWN
RA-00693,OT-01772,PLT-16,contractor,remote_desktop,YES,2026-09-14T07:22:00,2026-09-14T07:53:00,UNKNOWN
RA-00694,OT-01273,PLT-12,shared_support,local_service_laptop,YES,2026-09-03T08:13:00,2026-09-03T11:10:00,YES
RA-00695,OT-00829,PLT-08,contractor,jump_host,YES,2026-09-28T01:29:00,2026-09-28T03:17:00,YES
RA-00696,OT-00763,PLT-08,unknown,remote_desktop,UNKNOWN,2026-09-23T23:25:00,2026-09-24T01:12:00,YES
RA-00697,OT-00898,PLT-09,site.engineer,local_service_laptop,YES,2026-09-22T09:47:00,2026-09-22T10:14:00,YES
RA-00698,OT-00428,PLT-04,unknown,local_service_laptop,YES,2026-09-05T06:55:00,2026-09-05T09:36:00,YES
RA-00699,OT-00116,PLT-02,unknown,vendor_vpn,YES,2026-09-27T18:01:00,2026-09-27T21:00:00,NO
RA-00700,OT-00996,PLT-10,site.engineer,vendor_vpn,YES,2026-09-07T17:49:00,2026-09-07T20:03:00,YES
