finding_id,asset_id,severity,cvss,exploitability,network_reachable,compensating_control,status
VUL-00001,OT-00137,HIGH,5.2,MEDIUM,NO,ALLOWLIST,MITIGATED
VUL-00002,OT-00818,HIGH,8.5,MEDIUM,YES,MONITORED,OPEN
VUL-00003,OT-01300,MEDIUM,9.2,HIGH,YES,SEGMENTED,OPEN
VUL-00004,OT-00289,LOW,9.6,LOW,UNKNOWN,MONITORED,OPEN
VUL-00005,OT-00743,LOW,8.0,LOW,NO,UNKNOWN,MITIGATED
VUL-00006,OT-00719,CRITICAL,9.3,HIGH,YES,SEGMENTED,OPEN
VUL-00007,OT-01933,LOW,7.1,MEDIUM,UNKNOWN,NONE,OPEN
VUL-00008,OT-01650,CRITICAL,4.1,MEDIUM,YES,UNKNOWN,OPEN
VUL-00009,OT-01085,MEDIUM,5.8,MEDIUM,UNKNOWN,NONE,OPEN
VUL-00010,OT-01492,HIGH,6.6,MEDIUM,YES,UNKNOWN,OPEN
VUL-00011,OT-01185,CRITICAL,8.5,MEDIUM,UNKNOWN,SEGMENTED,OPEN
VUL-00012,OT-01750,HIGH,8.7,HIGH,UNKNOWN,UNKNOWN,OPEN
VUL-00013,OT-01442,LOW,6.2,HIGH,NO,SEGMENTED,OPEN
VUL-00014,OT-01476,MEDIUM,9.5,HIGH,NO,MONITORED,MITIGATED
VUL-00015,OT-01061,HIGH,4.2,LOW,YES,NONE,OPEN
VUL-00016,OT-00448,CRITICAL,8.2,MEDIUM,YES,ALLOWLIST,OPEN
VUL-00017,OT-00040,CRITICAL,8.7,MEDIUM,NO,ALLOWLIST,OPEN
VUL-00018,OT-01608,LOW,4.7,HIGH,NO,ALLOWLIST,MITIGATED
VUL-00019,OT-00700,CRITICAL,6.9,MEDIUM,UNKNOWN,UNKNOWN,MITIGATED
VUL-00020,OT-00627,CRITICAL,4.1,MEDIUM,UNKNOWN,SEGMENTED,MITIGATED
VUL-00021,OT-00388,LOW,8.4,MEDIUM,UNKNOWN,MONITORED,OPEN
VUL-00022,OT-01455,CRITICAL,9.0,MEDIUM,YES,UNKNOWN,MITIGATED
VUL-00023,OT-01291,CRITICAL,7.8,MEDIUM,UNKNOWN,ALLOWLIST,OPEN
VUL-00024,OT-00546,LOW,9.0,LOW,UNKNOWN,ALLOWLIST,OPEN
VUL-00025,OT-00257,LOW,7.1,MEDIUM,UNKNOWN,MONITORED,OPEN
VUL-00026,OT-00567,HIGH,7.2,HIGH,NO,NONE,OPEN
VUL-00027,OT-01516,HIGH,6.3,LOW,UNKNOWN,ALLOWLIST,OPEN
VUL-00028,OT-00381,MEDIUM,8.6,HIGH,YES,MONITORED,OPEN
VUL-00029,OT-01924,CRITICAL,4.2,HIGH,YES,MONITORED,ACCEPTED
VUL-00030,OT-01564,HIGH,5.8,MEDIUM,NO,NONE,OPEN
VUL-00031,OT-00065,LOW,8.2,LOW,NO,NONE,OPEN
VUL-00032,OT-01914,HIGH,8.1,LOW,NO,NONE,OPEN
VUL-00033,OT-00622,CRITICAL,9.0,HIGH,UNKNOWN,ALLOWLIST,OPEN
VUL-00034,OT-00793,CRITICAL,9.0,HIGH,UNKNOWN,SEGMENTED,OPEN
VUL-00035,OT-00337,MEDIUM,5.7,MEDIUM,NO,MONITORED,OPEN
VUL-00036,OT-01354,CRITICAL,4.4,LOW,NO,MONITORED,OPEN
VUL-00037,OT-01143,LOW,7.9,HIGH,YES,MONITORED,ACCEPTED
VUL-00038,OT-01979,HIGH,6.3,HIGH,NO,SEGMENTED,OPEN
VUL-00039,OT-01976,CRITICAL,6.4,LOW,NO,NONE,OPEN
VUL-00040,OT-00844,HIGH,5.2,LOW,YES,ALLOWLIST,MITIGATED
VUL-00041,OT-00675,LOW,7.0,HIGH,UNKNOWN,NONE,MITIGATED
VUL-00042,OT-01110,CRITICAL,5.3,HIGH,NO,UNKNOWN,OPEN
VUL-00043,OT-01760,MEDIUM,8.2,LOW,NO,ALLOWLIST,MITIGATED
VUL-00044,OT-01532,HIGH,6.6,MEDIUM,UNKNOWN,NONE,OPEN
VUL-00045,OT-01905,HIGH,5.0,LOW,UNKNOWN,NONE,OPEN
VUL-00046,OT-00585,HIGH,8.8,LOW,NO,ALLOWLIST,OPEN
VUL-00047,OT-01019,MEDIUM,6.1,LOW,UNKNOWN,UNKNOWN,OPEN
VUL-00048,OT-01755,CRITICAL,8.8,LOW,YES,UNKNOWN,OPEN
VUL-00049,OT-00869,CRITICAL,4.7,LOW,NO,ALLOWLIST,OPEN
VUL-00050,OT-01482,MEDIUM,4.1,MEDIUM,UNKNOWN,MONITORED,ACCEPTED
VUL-00051,OT-00407,HIGH,7.5,HIGH,YES,SEGMENTED,OPEN
VUL-00052,OT-01980,MEDIUM,9.9,LOW,YES,UNKNOWN,OPEN
VUL-00053,OT-00593,LOW,4.7,LOW,NO,UNKNOWN,ACCEPTED
VUL-00054,OT-01006,LOW,5.0,LOW,NO,SEGMENTED,OPEN
VUL-00055,OT-00867,LOW,6.7,HIGH,YES,NONE,OPEN
VUL-00056,OT-00130,CRITICAL,9.6,LOW,NO,MONITORED,OPEN
VUL-00057,OT-00921,MEDIUM,4.5,HIGH,NO,NONE,MITIGATED
VUL-00058,OT-00304,LOW,8.0,LOW,YES,UNKNOWN,OPEN
VUL-00059,OT-01437,LOW,9.1,LOW,NO,NONE,OPEN
VUL-00060,OT-00557,LOW,8.7,MEDIUM,YES,MONITORED,MITIGATED
VUL-00061,OT-00806,HIGH,6.0,MEDIUM,UNKNOWN,ALLOWLIST,MITIGATED
VUL-00062,OT-01392,CRITICAL,4.1,MEDIUM,YES,ALLOWLIST,OPEN
VUL-00063,OT-01675,MEDIUM,7.6,HIGH,NO,NONE,ACCEPTED
VUL-00064,OT-00849,LOW,8.8,MEDIUM,UNKNOWN,SEGMENTED,OPEN
VUL-00065,OT-00284,MEDIUM,9.3,MEDIUM,NO,UNKNOWN,OPEN
VUL-00066,OT-00957,HIGH,9.9,MEDIUM,YES,SEGMENTED,OPEN
VUL-00067,OT-01673,MEDIUM,8.4,LOW,UNKNOWN,UNKNOWN,OPEN
VUL-00068,OT-00704,HIGH,5.0,LOW,NO,NONE,MITIGATED
VUL-00069,OT-00548,HIGH,9.5,HIGH,YES,NONE,MITIGATED
VUL-00070,OT-00672,CRITICAL,9.6,HIGH,UNKNOWN,MONITORED,OPEN
VUL-00071,OT-00369,HIGH,6.5,HIGH,NO,NONE,OPEN
VUL-00072,OT-00529,MEDIUM,7.6,LOW,YES,ALLOWLIST,OPEN
VUL-00073,OT-01039,LOW,8.4,HIGH,YES,MONITORED,ACCEPTED
VUL-00074,OT-00591,HIGH,7.0,HIGH,YES,MONITORED,OPEN
VUL-00075,OT-01886,CRITICAL,8.5,HIGH,UNKNOWN,SEGMENTED,OPEN
VUL-00076,OT-01040,MEDIUM,4.3,MEDIUM,NO,NONE,OPEN
VUL-00077,OT-00334,MEDIUM,6.5,MEDIUM,UNKNOWN,ALLOWLIST,OPEN
VUL-00078,OT-01718,CRITICAL,8.6,HIGH,UNKNOWN,ALLOWLIST,MITIGATED
VUL-00079,OT-01704,HIGH,9.2,LOW,YES,ALLOWLIST,OPEN
VUL-00080,OT-00868,CRITICAL,4.1,MEDIUM,UNKNOWN,MONITORED,OPEN
VUL-00081,OT-01740,HIGH,6.5,HIGH,YES,UNKNOWN,ACCEPTED
VUL-00082,OT-00607,LOW,9.0,HIGH,NO,MONITORED,MITIGATED
VUL-00083,OT-00942,CRITICAL,4.5,HIGH,UNKNOWN,NONE,OPEN
VUL-00084,OT-01096,LOW,8.4,MEDIUM,YES,UNKNOWN,MITIGATED
VUL-00085,OT-00521,CRITICAL,5.5,LOW,YES,MONITORED,ACCEPTED
VUL-00086,OT-00038,MEDIUM,6.5,MEDIUM,NO,NONE,OPEN
VUL-00087,OT-00112,MEDIUM,5.4,HIGH,UNKNOWN,SEGMENTED,OPEN
VUL-00088,OT-01228,HIGH,5.8,MEDIUM,YES,MONITORED,OPEN
VUL-00089,OT-00683,HIGH,9.8,MEDIUM,YES,UNKNOWN,MITIGATED
VUL-00090,OT-00328,CRITICAL,5.1,LOW,NO,NONE,OPEN
VUL-00091,OT-00403,HIGH,6.3,LOW,YES,MONITORED,OPEN
VUL-00092,OT-01335,HIGH,7.0,LOW,NO,ALLOWLIST,OPEN
VUL-00093,OT-02002,MEDIUM,5.1,HIGH,UNKNOWN,ALLOWLIST,ACCEPTED
VUL-00094,OT-01089,CRITICAL,7.0,MEDIUM,NO,ALLOWLIST,OPEN
VUL-00095,OT-01710,CRITICAL,9.1,HIGH,YES,MONITORED,MITIGATED
VUL-00096,OT-01415,LOW,7.7,HIGH,NO,NONE,ACCEPTED
VUL-00097,OT-00611,LOW,9.6,MEDIUM,UNKNOWN,UNKNOWN,OPEN
VUL-00098,OT-01016,HIGH,8.7,HIGH,YES,ALLOWLIST,OPEN
VUL-00099,OT-01971,LOW,5.8,MEDIUM,UNKNOWN,ALLOWLIST,ACCEPTED
VUL-00100,OT-00874,LOW,6.3,MEDIUM,YES,UNKNOWN,OPEN
VUL-00101,OT-01133,LOW,7.6,MEDIUM,NO,MONITORED,OPEN
VUL-00102,OT-00392,MEDIUM,7.9,MEDIUM,UNKNOWN,MONITORED,OPEN
VUL-00103,OT-01070,CRITICAL,4.4,HIGH,YES,MONITORED,OPEN
VUL-00104,OT-01523,HIGH,6.2,HIGH,NO,ALLOWLIST,MITIGATED
VUL-00105,OT-01087,CRITICAL,7.2,HIGH,YES,ALLOWLIST,OPEN
VUL-00106,OT-01188,LOW,6.5,HIGH,NO,UNKNOWN,OPEN
VUL-00107,OT-00922,HIGH,6.7,MEDIUM,NO,ALLOWLIST,OPEN
VUL-00108,OT-01385,HIGH,4.9,HIGH,UNKNOWN,SEGMENTED,OPEN
VUL-00109,OT-01150,CRITICAL,8.5,MEDIUM,NO,UNKNOWN,MITIGATED
VUL-00110,OT-00370,HIGH,7.2,HIGH,NO,NONE,OPEN
VUL-00111,OT-01751,HIGH,8.5,LOW,NO,ALLOWLIST,OPEN
VUL-00112,OT-00534,MEDIUM,9.6,HIGH,UNKNOWN,NONE,MITIGATED
VUL-00113,OT-00724,HIGH,7.0,HIGH,NO,MONITORED,OPEN
VUL-00114,OT-01955,CRITICAL,9.5,MEDIUM,YES,UNKNOWN,OPEN
VUL-00115,OT-01170,MEDIUM,5.2,HIGH,UNKNOWN,UNKNOWN,OPEN
VUL-00116,OT-01022,HIGH,8.8,HIGH,UNKNOWN,SEGMENTED,OPEN
VUL-00117,OT-00006,HIGH,8.4,MEDIUM,UNKNOWN,NONE,OPEN
VUL-00118,OT-01375,LOW,8.0,HIGH,UNKNOWN,UNKNOWN,OPEN
VUL-00119,OT-01474,MEDIUM,8.7,HIGH,NO,NONE,OPEN
VUL-00120,OT-01261,MEDIUM,8.8,LOW,UNKNOWN,MONITORED,OPEN
VUL-00121,OT-01062,HIGH,8.6,MEDIUM,UNKNOWN,NONE,OPEN
VUL-00122,OT-01545,LOW,6.6,MEDIUM,UNKNOWN,UNKNOWN,OPEN
VUL-00123,OT-00251,CRITICAL,9.5,LOW,UNKNOWN,NONE,ACCEPTED
VUL-00124,OT-00495,LOW,5.8,LOW,NO,UNKNOWN,MITIGATED
VUL-00125,OT-00192,LOW,4.9,MEDIUM,YES,NONE,OPEN
VUL-00126,OT-01253,LOW,9.3,HIGH,NO,UNKNOWN,OPEN
VUL-00127,OT-00057,MEDIUM,8.9,MEDIUM,NO,ALLOWLIST,ACCEPTED
VUL-00128,OT-00226,HIGH,8.6,HIGH,YES,MONITORED,MITIGATED
VUL-00129,OT-01663,HIGH,6.2,HIGH,UNKNOWN,ALLOWLIST,OPEN
VUL-00130,OT-00278,LOW,4.1,HIGH,YES,UNKNOWN,OPEN
VUL-00131,OT-00230,CRITICAL,7.2,HIGH,YES,NONE,ACCEPTED
VUL-00132,OT-00351,LOW,4.4,MEDIUM,NO,NONE,MITIGATED
VUL-00133,OT-00518,HIGH,5.7,MEDIUM,NO,MONITORED,OPEN
VUL-00134,OT-00454,HIGH,4.1,HIGH,YES,SEGMENTED,MITIGATED
VUL-00135,OT-00294,CRITICAL,6.0,LOW,NO,ALLOWLIST,OPEN
VUL-00136,OT-00375,HIGH,9.0,MEDIUM,UNKNOWN,MONITORED,OPEN
VUL-00137,OT-01117,LOW,6.5,LOW,NO,UNKNOWN,OPEN
VUL-00138,OT-00456,HIGH,9.3,HIGH,YES,ALLOWLIST,OPEN
VUL-00139,OT-00469,CRITICAL,7.3,HIGH,YES,ALLOWLIST,OPEN
VUL-00140,OT-00795,HIGH,6.6,HIGH,UNKNOWN,NONE,OPEN
VUL-00141,OT-00462,LOW,8.8,LOW,YES,NONE,OPEN
VUL-00142,OT-00049,CRITICAL,4.2,LOW,NO,ALLOWLIST,OPEN
VUL-00143,OT-00952,LOW,6.3,MEDIUM,UNKNOWN,NONE,ACCEPTED
VUL-00144,OT-00890,CRITICAL,7.8,LOW,YES,MONITORED,OPEN
VUL-00145,OT-00243,CRITICAL,6.9,MEDIUM,UNKNOWN,SEGMENTED,MITIGATED
VUL-00146,OT-01867,LOW,6.5,MEDIUM,UNKNOWN,NONE,OPEN
VUL-00147,OT-01988,LOW,5.6,LOW,UNKNOWN,ALLOWLIST,OPEN
VUL-00148,OT-00184,HIGH,6.0,HIGH,NO,SEGMENTED,OPEN
VUL-00149,OT-00064,HIGH,7.6,LOW,YES,UNKNOWN,MITIGATED
VUL-00150,OT-01200,CRITICAL,6.0,LOW,UNKNOWN,SEGMENTED,OPEN
VUL-00151,OT-00902,HIGH,7.5,LOW,UNKNOWN,SEGMENTED,MITIGATED
VUL-00152,OT-00308,HIGH,7.5,HIGH,UNKNOWN,NONE,OPEN
VUL-00153,OT-01953,MEDIUM,6.4,LOW,YES,UNKNOWN,OPEN
VUL-00154,OT-01712,HIGH,4.9,MEDIUM,YES,SEGMENTED,ACCEPTED
VUL-00155,OT-01719,HIGH,9.8,LOW,UNKNOWN,SEGMENTED,MITIGATED
VUL-00156,OT-00917,LOW,8.9,HIGH,UNKNOWN,MONITORED,OPEN
VUL-00157,OT-00792,HIGH,9.2,LOW,YES,MONITORED,OPEN
VUL-00158,OT-01341,HIGH,9.2,LOW,YES,NONE,OPEN
VUL-00159,OT-01435,LOW,5.3,MEDIUM,NO,UNKNOWN,OPEN
VUL-00160,OT-00102,MEDIUM,5.3,HIGH,NO,UNKNOWN,OPEN
VUL-00161,OT-01984,LOW,5.4,LOW,NO,MONITORED,ACCEPTED
VUL-00162,OT-01191,LOW,5.3,MEDIUM,YES,MONITORED,OPEN
VUL-00163,OT-01934,HIGH,8.2,MEDIUM,YES,UNKNOWN,OPEN
VUL-00164,OT-01452,CRITICAL,9.5,LOW,UNKNOWN,NONE,OPEN
VUL-00165,OT-00103,MEDIUM,8.5,MEDIUM,UNKNOWN,ALLOWLIST,OPEN
VUL-00166,OT-01086,HIGH,6.6,LOW,UNKNOWN,UNKNOWN,OPEN
VUL-00167,OT-00258,MEDIUM,8.7,HIGH,YES,SEGMENTED,OPEN
VUL-00168,OT-01560,LOW,7.7,HIGH,NO,UNKNOWN,MITIGATED
VUL-00169,OT-01368,LOW,6.9,HIGH,NO,NONE,MITIGATED
VUL-00170,OT-00008,LOW,5.4,LOW,UNKNOWN,SEGMENTED,ACCEPTED
VUL-00171,OT-00517,LOW,8.1,MEDIUM,NO,SEGMENTED,ACCEPTED
VUL-00172,OT-00183,HIGH,5.8,HIGH,YES,SEGMENTED,OPEN
VUL-00173,OT-00087,CRITICAL,6.2,MEDIUM,YES,UNKNOWN,OPEN
VUL-00174,OT-00300,CRITICAL,8.3,HIGH,NO,UNKNOWN,OPEN
VUL-00175,OT-01250,HIGH,9.8,MEDIUM,YES,ALLOWLIST,OPEN
VUL-00176,OT-00048,MEDIUM,6.8,MEDIUM,NO,UNKNOWN,MITIGATED
VUL-00177,OT-02015,MEDIUM,8.4,MEDIUM,NO,MONITORED,ACCEPTED
VUL-00178,OT-01331,HIGH,8.7,HIGH,NO,UNKNOWN,ACCEPTED
VUL-00179,OT-00768,HIGH,8.2,LOW,UNKNOWN,MONITORED,MITIGATED
VUL-00180,OT-00218,CRITICAL,7.0,LOW,YES,MONITORED,OPEN
VUL-00181,OT-00058,CRITICAL,5.0,LOW,NO,NONE,OPEN
VUL-00182,OT-01249,LOW,7.6,LOW,UNKNOWN,MONITORED,OPEN
VUL-00183,OT-00203,HIGH,5.0,MEDIUM,YES,ALLOWLIST,OPEN
VUL-00184,OT-00796,MEDIUM,8.3,HIGH,NO,NONE,OPEN
VUL-00185,OT-01628,HIGH,4.0,HIGH,NO,UNKNOWN,OPEN
VUL-00186,OT-00679,LOW,6.7,HIGH,NO,ALLOWLIST,OPEN
VUL-00187,OT-01557,HIGH,5.7,MEDIUM,NO,ALLOWLIST,OPEN
VUL-00188,OT-01365,CRITICAL,7.0,LOW,NO,ALLOWLIST,OPEN
VUL-00189,OT-00152,LOW,9.7,HIGH,NO,NONE,OPEN
VUL-00190,OT-01741,MEDIUM,6.3,HIGH,NO,SEGMENTED,OPEN
VUL-00191,OT-00783,LOW,5.1,MEDIUM,NO,MONITORED,MITIGATED
VUL-00192,OT-00730,LOW,8.8,MEDIUM,NO,MONITORED,MITIGATED
VUL-00193,OT-00959,LOW,8.6,HIGH,NO,UNKNOWN,OPEN
VUL-00194,OT-01826,LOW,4.3,MEDIUM,NO,SEGMENTED,OPEN
VUL-00195,OT-00927,HIGH,9.7,HIGH,NO,SEGMENTED,ACCEPTED
VUL-00196,OT-01113,HIGH,9.1,LOW,UNKNOWN,MONITORED,OPEN
VUL-00197,OT-01260,CRITICAL,6.8,MEDIUM,UNKNOWN,UNKNOWN,OPEN
VUL-00198,OT-01266,HIGH,4.5,HIGH,NO,NONE,OPEN
VUL-00199,OT-00501,HIGH,9.8,HIGH,YES,SEGMENTED,OPEN
VUL-00200,OT-00191,CRITICAL,5.1,MEDIUM,UNKNOWN,MONITORED,OPEN
VUL-00201,OT-01377,LOW,8.8,HIGH,NO,SEGMENTED,OPEN
VUL-00202,OT-01124,HIGH,9.3,LOW,UNKNOWN,MONITORED,OPEN
VUL-00203,OT-00492,LOW,8.3,HIGH,YES,ALLOWLIST,OPEN
VUL-00204,OT-01877,MEDIUM,9.7,MEDIUM,YES,MONITORED,OPEN
VUL-00205,OT-01894,MEDIUM,6.2,MEDIUM,UNKNOWN,SEGMENTED,OPEN
VUL-00206,OT-01325,HIGH,4.0,HIGH,YES,UNKNOWN,MITIGATED
VUL-00207,OT-01696,HIGH,6.5,MEDIUM,NO,ALLOWLIST,OPEN
VUL-00208,OT-01884,HIGH,8.4,MEDIUM,NO,UNKNOWN,OPEN
VUL-00209,OT-01192,HIGH,7.0,LOW,NO,SEGMENTED,ACCEPTED
VUL-00210,OT-01206,HIGH,8.1,MEDIUM,NO,SEGMENTED,OPEN
VUL-00211,OT-00894,CRITICAL,4.7,MEDIUM,YES,MONITORED,MITIGATED
VUL-00212,OT-01636,CRITICAL,5.2,LOW,NO,NONE,OPEN
VUL-00213,OT-01319,LOW,8.4,LOW,UNKNOWN,ALLOWLIST,OPEN
VUL-00214,OT-01588,CRITICAL,5.7,MEDIUM,NO,ALLOWLIST,OPEN
VUL-00215,OT-01715,HIGH,9.7,HIGH,NO,MONITORED,MITIGATED
VUL-00216,OT-00744,LOW,7.6,MEDIUM,NO,SEGMENTED,OPEN
VUL-00217,OT-00750,CRITICAL,8.6,HIGH,YES,MONITORED,OPEN
VUL-00218,OT-01804,MEDIUM,8.2,MEDIUM,NO,SEGMENTED,MITIGATED
VUL-00219,OT-00236,HIGH,7.5,LOW,NO,NONE,OPEN
VUL-00220,OT-00444,CRITICAL,9.2,HIGH,UNKNOWN,MONITORED,OPEN
VUL-00221,OT-00737,CRITICAL,8.6,MEDIUM,YES,SEGMENTED,OPEN
VUL-00222,OT-01590,HIGH,8.4,HIGH,NO,SEGMENTED,OPEN
VUL-00223,OT-00070,CRITICAL,7.9,LOW,NO,SEGMENTED,OPEN
VUL-00224,OT-00699,CRITICAL,5.3,HIGH,NO,NONE,ACCEPTED
VUL-00225,OT-01711,LOW,5.3,LOW,NO,NONE,OPEN
VUL-00226,OT-01127,LOW,4.7,MEDIUM,NO,NONE,OPEN
VUL-00227,OT-00332,HIGH,6.0,LOW,YES,MONITORED,OPEN
VUL-00228,OT-00246,HIGH,4.5,LOW,UNKNOWN,UNKNOWN,ACCEPTED
VUL-00229,OT-01511,HIGH,6.6,MEDIUM,NO,ALLOWLIST,OPEN
VUL-00230,OT-00845,HIGH,4.8,MEDIUM,YES,SEGMENTED,OPEN
VUL-00231,OT-01462,LOW,8.7,LOW,NO,NONE,OPEN
VUL-00232,OT-00007,CRITICAL,9.8,LOW,UNKNOWN,UNKNOWN,OPEN
VUL-00233,OT-00402,CRITICAL,4.7,HIGH,NO,UNKNOWN,OPEN
VUL-00234,OT-00561,CRITICAL,7.5,HIGH,YES,MONITORED,OPEN
VUL-00235,OT-01769,LOW,6.0,MEDIUM,YES,SEGMENTED,ACCEPTED
VUL-00236,OT-00451,MEDIUM,9.5,MEDIUM,YES,ALLOWLIST,MITIGATED
VUL-00237,OT-00261,HIGH,8.2,LOW,NO,NONE,MITIGATED
VUL-00238,OT-00427,HIGH,4.0,LOW,YES,SEGMENTED,OPEN
VUL-00239,OT-01609,LOW,8.7,MEDIUM,YES,SEGMENTED,OPEN
VUL-00240,OT-01762,HIGH,7.8,LOW,NO,MONITORED,OPEN
VUL-00241,OT-01297,MEDIUM,4.2,HIGH,UNKNOWN,UNKNOWN,OPEN
VUL-00242,OT-00787,CRITICAL,7.3,MEDIUM,YES,MONITORED,OPEN
VUL-00243,OT-00794,CRITICAL,9.2,MEDIUM,UNKNOWN,NONE,OPEN
VUL-00244,OT-01387,MEDIUM,4.1,HIGH,NO,MONITORED,OPEN
VUL-00245,OT-01144,MEDIUM,5.7,MEDIUM,YES,ALLOWLIST,OPEN
VUL-00246,OT-00320,LOW,5.2,MEDIUM,UNKNOWN,UNKNOWN,OPEN
VUL-00247,OT-00500,MEDIUM,8.4,LOW,YES,MONITORED,OPEN
VUL-00248,OT-00634,MEDIUM,7.5,LOW,UNKNOWN,UNKNOWN,OPEN
VUL-00249,OT-00366,LOW,5.0,HIGH,NO,NONE,OPEN
VUL-00250,OT-01361,MEDIUM,6.6,HIGH,UNKNOWN,ALLOWLIST,OPEN
VUL-00251,OT-01665,CRITICAL,8.2,HIGH,YES,SEGMENTED,OPEN
VUL-00252,OT-01379,MEDIUM,7.9,LOW,NO,MONITORED,MITIGATED
VUL-00253,OT-01187,CRITICAL,4.9,MEDIUM,NO,UNKNOWN,MITIGATED
VUL-00254,OT-01393,LOW,8.8,MEDIUM,UNKNOWN,ALLOWLIST,OPEN
VUL-00255,OT-00615,HIGH,9.3,MEDIUM,UNKNOWN,UNKNOWN,OPEN
VUL-00256,OT-01754,MEDIUM,5.3,LOW,NO,UNKNOWN,OPEN
VUL-00257,OT-01195,CRITICAL,4.5,MEDIUM,UNKNOWN,SEGMENTED,OPEN
VUL-00258,OT-01246,HIGH,5.1,LOW,NO,ALLOWLIST,OPEN
VUL-00259,OT-00815,LOW,8.7,MEDIUM,NO,UNKNOWN,OPEN
VUL-00260,OT-00481,LOW,8.3,HIGH,NO,ALLOWLIST,OPEN
VUL-00261,OT-00315,CRITICAL,8.5,LOW,YES,NONE,OPEN
VUL-00262,OT-01781,MEDIUM,6.3,MEDIUM,YES,SEGMENTED,OPEN
VUL-00263,OT-01657,CRITICAL,8.7,LOW,UNKNOWN,UNKNOWN,OPEN
VUL-00264,OT-01321,HIGH,6.7,MEDIUM,YES,MONITORED,OPEN
VUL-00265,OT-01541,HIGH,7.6,MEDIUM,YES,MONITORED,OPEN
VUL-00266,OT-00346,CRITICAL,4.1,LOW,NO,UNKNOWN,OPEN
VUL-00267,OT-00255,LOW,8.6,HIGH,UNKNOWN,UNKNOWN,OPEN
VUL-00268,OT-00706,CRITICAL,9.1,LOW,UNKNOWN,NONE,OPEN
VUL-00269,OT-00364,CRITICAL,5.5,HIGH,YES,SEGMENTED,OPEN
VUL-00270,OT-00050,MEDIUM,5.2,MEDIUM,UNKNOWN,SEGMENTED,OPEN
VUL-00271,OT-01205,MEDIUM,7.3,MEDIUM,NO,UNKNOWN,OPEN
VUL-00272,OT-01697,LOW,4.1,HIGH,YES,ALLOWLIST,OPEN
VUL-00273,OT-01395,LOW,8.4,LOW,NO,MONITORED,ACCEPTED
VUL-00274,OT-01196,MEDIUM,7.6,LOW,YES,ALLOWLIST,ACCEPTED
VUL-00275,OT-01217,HIGH,8.6,LOW,NO,NONE,OPEN
VUL-00276,OT-01483,MEDIUM,5.1,LOW,UNKNOWN,SEGMENTED,OPEN
VUL-00277,OT-01776,CRITICAL,7.1,MEDIUM,UNKNOWN,SEGMENTED,OPEN
VUL-00278,OT-01215,MEDIUM,6.8,HIGH,UNKNOWN,NONE,OPEN
VUL-00279,OT-00996,LOW,7.8,HIGH,UNKNOWN,NONE,OPEN
VUL-00280,OT-01362,LOW,6.3,HIGH,UNKNOWN,UNKNOWN,OPEN
VUL-00281,OT-00377,LOW,7.6,HIGH,YES,MONITORED,OPEN
VUL-00282,OT-00406,MEDIUM,9.8,MEDIUM,UNKNOWN,ALLOWLIST,OPEN
VUL-00283,OT-00884,HIGH,6.5,HIGH,NO,UNKNOWN,OPEN
VUL-00284,OT-00056,CRITICAL,9.2,LOW,NO,SEGMENTED,OPEN
VUL-00285,OT-01342,MEDIUM,4.3,HIGH,NO,UNKNOWN,MITIGATED
VUL-00286,OT-00117,HIGH,7.6,HIGH,NO,NONE,MITIGATED
VUL-00287,OT-01336,LOW,6.1,MEDIUM,YES,NONE,OPEN
VUL-00288,OT-00937,LOW,7.2,LOW,NO,MONITORED,OPEN
VUL-00289,OT-00749,MEDIUM,8.9,LOW,UNKNOWN,NONE,OPEN
VUL-00290,OT-01561,MEDIUM,8.7,HIGH,NO,SEGMENTED,OPEN
VUL-00291,OT-01015,LOW,5.0,LOW,NO,ALLOWLIST,OPEN
VUL-00292,OT-00250,CRITICAL,5.7,MEDIUM,YES,NONE,OPEN
VUL-00293,OT-00012,HIGH,6.1,MEDIUM,YES,NONE,OPEN
VUL-00294,OT-00019,HIGH,9.6,HIGH,YES,MONITORED,OPEN
VUL-00295,OT-01659,LOW,7.6,LOW,YES,MONITORED,MITIGATED
VUL-00296,OT-00752,LOW,5.2,LOW,UNKNOWN,ALLOWLIST,OPEN
VUL-00297,OT-00716,LOW,7.5,LOW,NO,ALLOWLIST,OPEN
VUL-00298,OT-01284,CRITICAL,9.1,HIGH,YES,NONE,OPEN
VUL-00299,OT-01167,CRITICAL,4.7,LOW,YES,ALLOWLIST,OPEN
VUL-00300,OT-00124,LOW,6.5,HIGH,UNKNOWN,MONITORED,ACCEPTED
VUL-00301,OT-00324,MEDIUM,8.5,HIGH,YES,MONITORED,OPEN
VUL-00302,OT-00631,HIGH,6.8,HIGH,NO,ALLOWLIST,OPEN
VUL-00303,OT-00541,HIGH,4.4,HIGH,NO,SEGMENTED,OPEN
VUL-00304,OT-00136,CRITICAL,6.8,MEDIUM,YES,UNKNOWN,OPEN
VUL-00305,OT-00361,LOW,4.6,LOW,NO,NONE,ACCEPTED
VUL-00306,OT-01183,LOW,6.4,LOW,UNKNOWN,NONE,MITIGATED
VUL-00307,OT-00135,HIGH,6.1,HIGH,YES,SEGMENTED,OPEN
VUL-00308,OT-01028,LOW,4.9,MEDIUM,UNKNOWN,UNKNOWN,OPEN
VUL-00309,OT-00327,CRITICAL,8.4,LOW,NO,NONE,OPEN
VUL-00310,OT-01599,MEDIUM,6.4,LOW,YES,SEGMENTED,MITIGATED
VUL-00311,OT-00076,MEDIUM,8.7,LOW,NO,NONE,OPEN
VUL-00312,OT-00636,CRITICAL,6.7,MEDIUM,NO,SEGMENTED,OPEN
VUL-00313,OT-00187,MEDIUM,8.0,LOW,YES,MONITORED,OPEN
VUL-00314,OT-00860,LOW,6.2,HIGH,UNKNOWN,SEGMENTED,OPEN
VUL-00315,OT-01538,CRITICAL,9.7,MEDIUM,UNKNOWN,MONITORED,MITIGATED
VUL-00316,OT-01805,LOW,4.3,HIGH,UNKNOWN,UNKNOWN,OPEN
VUL-00317,OT-01759,CRITICAL,4.3,MEDIUM,YES,SEGMENTED,OPEN
VUL-00318,OT-01857,MEDIUM,8.7,MEDIUM,UNKNOWN,NONE,OPEN
VUL-00319,OT-00563,LOW,4.6,LOW,UNKNOWN,MONITORED,OPEN
VUL-00320,OT-00479,LOW,9.1,HIGH,YES,ALLOWLIST,ACCEPTED
VUL-00321,OT-01688,LOW,8.4,MEDIUM,YES,ALLOWLIST,ACCEPTED
VUL-00322,OT-00348,MEDIUM,9.2,MEDIUM,UNKNOWN,MONITORED,MITIGATED
VUL-00323,OT-01658,HIGH,9.2,LOW,UNKNOWN,MONITORED,MITIGATED
VUL-00324,OT-00390,CRITICAL,5.7,MEDIUM,YES,ALLOWLIST,OPEN
VUL-00325,OT-01949,MEDIUM,9.6,HIGH,NO,NONE,OPEN
VUL-00326,OT-00861,MEDIUM,7.1,LOW,UNKNOWN,NONE,OPEN
VUL-00327,OT-00570,MEDIUM,8.3,MEDIUM,YES,UNKNOWN,OPEN
VUL-00328,OT-01879,HIGH,7.1,MEDIUM,NO,SEGMENTED,OPEN
VUL-00329,OT-00642,CRITICAL,9.0,LOW,NO,UNKNOWN,MITIGATED
VUL-00330,OT-00862,LOW,4.9,HIGH,YES,ALLOWLIST,OPEN
VUL-00331,OT-00283,HIGH,5.8,MEDIUM,UNKNOWN,MONITORED,MITIGATED
VUL-00332,OT-01992,HIGH,7.0,HIGH,NO,ALLOWLIST,OPEN
VUL-00333,OT-01553,HIGH,6.4,MEDIUM,YES,UNKNOWN,OPEN
VUL-00334,OT-00544,CRITICAL,4.0,MEDIUM,NO,NONE,MITIGATED
VUL-00335,OT-01309,HIGH,8.1,HIGH,UNKNOWN,NONE,ACCEPTED
VUL-00336,OT-01121,LOW,7.0,LOW,UNKNOWN,ALLOWLIST,OPEN
VUL-00337,OT-00094,LOW,4.3,MEDIUM,UNKNOWN,NONE,OPEN
VUL-00338,OT-02004,CRITICAL,7.8,HIGH,UNKNOWN,NONE,MITIGATED
VUL-00339,OT-02006,CRITICAL,9.0,HIGH,UNKNOWN,ALLOWLIST,OPEN
VUL-00340,OT-00227,MEDIUM,5.3,LOW,NO,NONE,OPEN
VUL-00341,OT-00512,LOW,4.2,MEDIUM,UNKNOWN,SEGMENTED,OPEN
VUL-00342,OT-00883,LOW,5.3,LOW,UNKNOWN,SEGMENTED,OPEN
VUL-00343,OT-00445,MEDIUM,8.1,LOW,NO,UNKNOWN,MITIGATED
VUL-00344,OT-01218,LOW,9.8,MEDIUM,YES,ALLOWLIST,ACCEPTED
VUL-00345,OT-01441,MEDIUM,7.3,LOW,NO,ALLOWLIST,OPEN
VUL-00346,OT-01849,CRITICAL,7.7,HIGH,UNKNOWN,SEGMENTED,ACCEPTED
VUL-00347,OT-01275,CRITICAL,8.5,HIGH,NO,SEGMENTED,OPEN
VUL-00348,OT-00720,LOW,9.5,MEDIUM,UNKNOWN,MONITORED,OPEN
VUL-00349,OT-00689,LOW,7.8,LOW,YES,NONE,OPEN
VUL-00350,OT-00106,MEDIUM,6.1,LOW,UNKNOWN,ALLOWLIST,OPEN
VUL-00351,OT-00932,CRITICAL,4.6,HIGH,UNKNOWN,NONE,MITIGATED
VUL-00352,OT-00497,MEDIUM,6.6,MEDIUM,NO,UNKNOWN,OPEN
VUL-00353,OT-01708,HIGH,6.8,HIGH,UNKNOWN,UNKNOWN,OPEN
VUL-00354,OT-00093,HIGH,7.3,HIGH,YES,SEGMENTED,OPEN
VUL-00355,OT-00717,HIGH,5.7,HIGH,YES,MONITORED,MITIGATED
VUL-00356,OT-01014,MEDIUM,6.8,MEDIUM,YES,ALLOWLIST,OPEN
VUL-00357,OT-00217,LOW,7.7,LOW,UNKNOWN,MONITORED,MITIGATED
VUL-00358,OT-00270,HIGH,5.1,LOW,NO,SEGMENTED,OPEN
VUL-00359,OT-00965,HIGH,4.8,HIGH,YES,NONE,OPEN
VUL-00360,OT-00690,MEDIUM,7.7,LOW,UNKNOWN,SEGMENTED,OPEN
VUL-00361,OT-00474,CRITICAL,6.1,LOW,YES,SEGMENTED,OPEN
VUL-00362,OT-00394,HIGH,8.5,LOW,UNKNOWN,NONE,OPEN
VUL-00363,OT-01151,CRITICAL,4.1,LOW,UNKNOWN,ALLOWLIST,OPEN
VUL-00364,OT-00763,HIGH,8.4,HIGH,NO,MONITORED,OPEN
VUL-00365,OT-00670,HIGH,4.5,HIGH,YES,ALLOWLIST,ACCEPTED
VUL-00366,OT-01252,LOW,8.7,LOW,YES,SEGMENTED,MITIGATED
VUL-00367,OT-00944,MEDIUM,5.4,MEDIUM,UNKNOWN,MONITORED,OPEN
VUL-00368,OT-01216,MEDIUM,6.9,HIGH,YES,SEGMENTED,OPEN
VUL-00369,OT-00317,MEDIUM,9.9,HIGH,NO,MONITORED,OPEN
VUL-00370,OT-00603,HIGH,4.6,LOW,NO,UNKNOWN,OPEN
VUL-00371,OT-01397,CRITICAL,8.7,MEDIUM,UNKNOWN,SEGMENTED,ACCEPTED
VUL-00372,OT-00651,MEDIUM,6.3,LOW,YES,MONITORED,OPEN
VUL-00373,OT-00238,HIGH,8.3,LOW,UNKNOWN,NONE,ACCEPTED
VUL-00374,OT-01731,LOW,5.2,LOW,UNKNOWN,UNKNOWN,OPEN
VUL-00375,OT-00650,LOW,7.4,HIGH,UNKNOWN,UNKNOWN,ACCEPTED
VUL-00376,OT-00745,LOW,9.2,MEDIUM,NO,ALLOWLIST,ACCEPTED
VUL-00377,OT-01414,HIGH,7.6,LOW,UNKNOWN,MONITORED,OPEN
VUL-00378,OT-01638,MEDIUM,8.4,MEDIUM,NO,SEGMENTED,OPEN
VUL-00379,OT-00115,MEDIUM,6.6,MEDIUM,YES,SEGMENTED,MITIGATED
VUL-00380,OT-00360,HIGH,5.1,HIGH,YES,ALLOWLIST,ACCEPTED
VUL-00381,OT-01157,LOW,4.1,HIGH,NO,ALLOWLIST,OPEN
VUL-00382,OT-01109,CRITICAL,6.6,LOW,UNKNOWN,MONITORED,OPEN
VUL-00383,OT-01823,HIGH,6.2,MEDIUM,YES,MONITORED,MITIGATED
VUL-00384,OT-01376,LOW,9.6,LOW,YES,UNKNOWN,OPEN
VUL-00385,OT-00331,CRITICAL,4.7,HIGH,UNKNOWN,UNKNOWN,OPEN
VUL-00386,OT-01457,HIGH,6.0,HIGH,UNKNOWN,NONE,OPEN
VUL-00387,OT-01007,CRITICAL,6.4,MEDIUM,NO,UNKNOWN,OPEN
VUL-00388,OT-00702,MEDIUM,9.0,LOW,UNKNOWN,ALLOWLIST,OPEN
VUL-00389,OT-01566,MEDIUM,8.9,HIGH,NO,ALLOWLIST,OPEN
VUL-00390,OT-00287,CRITICAL,4.4,MEDIUM,YES,UNKNOWN,MITIGATED
VUL-00391,OT-01304,MEDIUM,8.1,MEDIUM,UNKNOWN,ALLOWLIST,ACCEPTED
VUL-00392,OT-01411,CRITICAL,6.4,MEDIUM,YES,UNKNOWN,OPEN
VUL-00393,OT-00044,HIGH,9.4,HIGH,NO,SEGMENTED,OPEN
VUL-00394,OT-00409,CRITICAL,4.9,MEDIUM,NO,ALLOWLIST,OPEN
VUL-00395,OT-01585,HIGH,9.2,LOW,YES,SEGMENTED,OPEN
VUL-00396,OT-00552,LOW,4.8,HIGH,NO,NONE,MITIGATED
VUL-00397,OT-00314,HIGH,5.7,MEDIUM,YES,SEGMENTED,ACCEPTED
VUL-00398,OT-00022,HIGH,5.4,MEDIUM,UNKNOWN,UNKNOWN,OPEN
VUL-00399,OT-01689,CRITICAL,5.0,LOW,UNKNOWN,NONE,OPEN
VUL-00400,OT-00199,HIGH,4.4,LOW,UNKNOWN,NONE,OPEN
VUL-00401,OT-01775,HIGH,5.2,HIGH,NO,UNKNOWN,OPEN
VUL-00402,OT-01623,LOW,9.4,MEDIUM,NO,NONE,OPEN
VUL-00403,OT-00459,CRITICAL,7.8,MEDIUM,UNKNOWN,NONE,ACCEPTED
VUL-00404,OT-00738,LOW,7.0,LOW,NO,NONE,MITIGATED
VUL-00405,OT-01653,LOW,4.2,HIGH,NO,UNKNOWN,OPEN
VUL-00406,OT-00975,LOW,6.9,LOW,YES,ALLOWLIST,OPEN
VUL-00407,OT-01463,LOW,5.8,HIGH,UNKNOWN,SEGMENTED,OPEN
VUL-00408,OT-01691,HIGH,9.0,HIGH,NO,UNKNOWN,OPEN
VUL-00409,OT-01957,LOW,7.7,HIGH,YES,UNKNOWN,OPEN
VUL-00410,OT-01670,LOW,4.2,HIGH,YES,SEGMENTED,OPEN
VUL-00411,OT-00510,CRITICAL,6.2,HIGH,UNKNOWN,SEGMENTED,OPEN
VUL-00412,OT-01241,MEDIUM,9.4,HIGH,YES,MONITORED,OPEN
VUL-00413,OT-00586,CRITICAL,6.3,LOW,UNKNOWN,ALLOWLIST,OPEN
VUL-00414,OT-00461,LOW,9.0,MEDIUM,NO,SEGMENTED,OPEN
VUL-00415,OT-01806,LOW,6.5,MEDIUM,YES,NONE,OPEN
VUL-00416,OT-00555,LOW,5.3,HIGH,UNKNOWN,MONITORED,MITIGATED
VUL-00417,OT-01950,LOW,9.0,HIGH,UNKNOWN,MONITORED,OPEN
VUL-00418,OT-00188,MEDIUM,9.9,LOW,UNKNOWN,MONITORED,OPEN
VUL-00419,OT-00568,CRITICAL,6.7,LOW,NO,SEGMENTED,OPEN
VUL-00420,OT-01732,CRITICAL,5.8,LOW,YES,UNKNOWN,OPEN
VUL-00421,OT-01707,HIGH,9.1,LOW,YES,NONE,MITIGATED
VUL-00422,OT-00262,CRITICAL,6.2,MEDIUM,YES,UNKNOWN,OPEN
VUL-00423,OT-00472,MEDIUM,6.8,MEDIUM,UNKNOWN,SEGMENTED,OPEN
VUL-00424,OT-01746,HIGH,8.7,MEDIUM,UNKNOWN,ALLOWLIST,OPEN
VUL-00425,OT-00601,LOW,8.7,MEDIUM,NO,MONITORED,OPEN
VUL-00426,OT-01257,CRITICAL,4.8,LOW,NO,ALLOWLIST,OPEN
VUL-00427,OT-01184,HIGH,5.5,LOW,NO,NONE,OPEN
VUL-00428,OT-00688,HIGH,7.4,LOW,NO,UNKNOWN,OPEN
VUL-00429,OT-01580,LOW,5.8,MEDIUM,UNKNOWN,UNKNOWN,MITIGATED
VUL-00430,OT-00411,CRITICAL,8.9,MEDIUM,YES,MONITORED,OPEN
VUL-00431,OT-01863,HIGH,5.9,LOW,YES,ALLOWLIST,OPEN
VUL-00432,OT-00208,LOW,7.5,LOW,NO,NONE,OPEN
VUL-00433,OT-00447,LOW,7.5,MEDIUM,NO,MONITORED,MITIGATED
VUL-00434,OT-01236,CRITICAL,8.7,LOW,NO,NONE,OPEN
VUL-00435,OT-00178,HIGH,9.5,LOW,NO,NONE,OPEN
VUL-00436,OT-00889,LOW,8.7,HIGH,YES,NONE,ACCEPTED
VUL-00437,OT-01858,HIGH,8.1,LOW,YES,ALLOWLIST,OPEN
VUL-00438,OT-00674,CRITICAL,9.3,MEDIUM,NO,ALLOWLIST,OPEN
VUL-00439,OT-00909,HIGH,5.6,MEDIUM,YES,UNKNOWN,ACCEPTED
VUL-00440,OT-01063,LOW,8.7,LOW,UNKNOWN,SEGMENTED,OPEN
VUL-00441,OT-00210,MEDIUM,8.5,MEDIUM,UNKNOWN,MONITORED,ACCEPTED
VUL-00442,OT-00735,MEDIUM,8.9,MEDIUM,UNKNOWN,UNKNOWN,OPEN
VUL-00443,OT-01579,MEDIUM,8.0,LOW,NO,UNKNOWN,OPEN
VUL-00444,OT-00531,CRITICAL,9.1,HIGH,YES,ALLOWLIST,OPEN
VUL-00445,OT-00168,HIGH,8.0,HIGH,NO,NONE,OPEN
VUL-00446,OT-01120,LOW,9.2,HIGH,NO,NONE,OPEN
VUL-00447,OT-01518,CRITICAL,5.8,LOW,YES,SEGMENTED,OPEN
VUL-00448,OT-00318,CRITICAL,9.7,MEDIUM,UNKNOWN,SEGMENTED,OPEN
VUL-00449,OT-01757,HIGH,9.9,LOW,UNKNOWN,NONE,OPEN
VUL-00450,OT-01859,LOW,8.0,MEDIUM,YES,ALLOWLIST,OPEN
VUL-00451,OT-00930,HIGH,8.6,LOW,UNKNOWN,SEGMENTED,OPEN
VUL-00452,OT-01212,HIGH,7.9,HIGH,YES,MONITORED,OPEN
VUL-00453,OT-01175,MEDIUM,4.8,LOW,YES,UNKNOWN,ACCEPTED
VUL-00454,OT-01820,CRITICAL,5.6,MEDIUM,UNKNOWN,SEGMENTED,MITIGATED
VUL-00455,OT-01308,MEDIUM,5.9,HIGH,NO,UNKNOWN,OPEN
VUL-00456,OT-00204,MEDIUM,4.9,MEDIUM,UNKNOWN,MONITORED,OPEN
VUL-00457,OT-01951,LOW,5.5,LOW,UNKNOWN,SEGMENTED,OPEN
VUL-00458,OT-00530,HIGH,6.5,MEDIUM,YES,ALLOWLIST,MITIGATED
VUL-00459,OT-01567,MEDIUM,9.1,HIGH,UNKNOWN,ALLOWLIST,ACCEPTED
VUL-00460,OT-01146,MEDIUM,5.0,MEDIUM,NO,UNKNOWN,ACCEPTED
VUL-00461,OT-01991,MEDIUM,9.2,MEDIUM,UNKNOWN,ALLOWLIST,OPEN
VUL-00462,OT-01792,CRITICAL,6.6,LOW,YES,SEGMENTED,ACCEPTED
VUL-00463,OT-00911,CRITICAL,4.2,LOW,UNKNOWN,MONITORED,MITIGATED
VUL-00464,OT-01703,HIGH,7.9,HIGH,NO,ALLOWLIST,OPEN
VUL-00465,OT-01509,LOW,7.3,LOW,YES,MONITORED,OPEN
VUL-00466,OT-01852,HIGH,8.8,LOW,YES,MONITORED,OPEN
VUL-00467,OT-00167,CRITICAL,7.1,HIGH,UNKNOWN,UNKNOWN,MITIGATED
VUL-00468,OT-01372,MEDIUM,8.5,LOW,NO,NONE,ACCEPTED
VUL-00469,OT-01399,HIGH,8.0,MEDIUM,UNKNOWN,SEGMENTED,OPEN
VUL-00470,OT-00918,HIGH,8.7,MEDIUM,UNKNOWN,SEGMENTED,OPEN
VUL-00471,OT-01174,LOW,7.0,HIGH,NO,NONE,OPEN
VUL-00472,OT-00934,LOW,9.3,LOW,YES,UNKNOWN,OPEN
VUL-00473,OT-00664,CRITICAL,8.6,MEDIUM,NO,MONITORED,MITIGATED
VUL-00474,OT-00819,MEDIUM,4.3,HIGH,NO,SEGMENTED,OPEN
VUL-00475,OT-01140,MEDIUM,6.9,MEDIUM,YES,NONE,OPEN
VUL-00476,OT-01786,MEDIUM,9.6,LOW,NO,ALLOWLIST,OPEN
VUL-00477,OT-00584,CRITICAL,5.6,LOW,YES,SEGMENTED,OPEN
VUL-00478,OT-00762,HIGH,8.2,MEDIUM,NO,ALLOWLIST,OPEN
VUL-00479,OT-00617,CRITICAL,7.4,HIGH,NO,SEGMENTED,OPEN
VUL-00480,OT-01927,CRITICAL,6.0,LOW,YES,ALLOWLIST,MITIGATED
VUL-00481,OT-01406,LOW,7.7,MEDIUM,NO,UNKNOWN,OPEN
VUL-00482,OT-00341,HIGH,7.4,MEDIUM,YES,UNKNOWN,OPEN
VUL-00483,OT-00047,CRITICAL,8.3,HIGH,NO,NONE,MITIGATED
VUL-00484,OT-01766,MEDIUM,8.4,LOW,UNKNOWN,UNKNOWN,OPEN
VUL-00485,OT-00722,MEDIUM,5.8,HIGH,UNKNOWN,MONITORED,ACCEPTED
VUL-00486,OT-00551,LOW,8.5,HIGH,UNKNOWN,MONITORED,MITIGATED
VUL-00487,OT-00078,CRITICAL,6.5,LOW,YES,SEGMENTED,ACCEPTED
VUL-00488,OT-00525,CRITICAL,8.2,HIGH,YES,UNKNOWN,OPEN
VUL-00489,OT-00639,CRITICAL,6.6,LOW,UNKNOWN,ALLOWLIST,OPEN
VUL-00490,OT-01717,MEDIUM,6.2,LOW,NO,NONE,OPEN
VUL-00491,OT-00595,HIGH,5.3,LOW,YES,NONE,OPEN
VUL-00492,OT-00021,MEDIUM,5.4,HIGH,UNKNOWN,NONE,MITIGATED
VUL-00493,OT-00097,HIGH,9.7,LOW,UNKNOWN,MONITORED,MITIGATED
VUL-00494,OT-00637,HIGH,6.8,LOW,YES,SEGMENTED,MITIGATED
VUL-00495,OT-00159,HIGH,9.3,HIGH,UNKNOWN,ALLOWLIST,OPEN
VUL-00496,OT-00976,LOW,5.0,MEDIUM,UNKNOWN,NONE,OPEN
VUL-00497,OT-01358,HIGH,6.9,HIGH,NO,SEGMENTED,MITIGATED
VUL-00498,OT-01440,CRITICAL,6.6,MEDIUM,UNKNOWN,UNKNOWN,OPEN
VUL-00499,OT-01635,HIGH,5.0,MEDIUM,YES,UNKNOWN,OPEN
VUL-00500,OT-01287,CRITICAL,7.9,HIGH,UNKNOWN,UNKNOWN,OPEN
VUL-00501,OT-01765,CRITICAL,5.6,MEDIUM,NO,MONITORED,OPEN
VUL-00502,OT-00150,MEDIUM,4.1,MEDIUM,NO,NONE,OPEN
VUL-00503,OT-01869,CRITICAL,7.1,LOW,NO,SEGMENTED,ACCEPTED
VUL-00504,OT-01632,CRITICAL,5.3,HIGH,YES,UNKNOWN,OPEN
VUL-00505,OT-00626,CRITICAL,5.4,MEDIUM,NO,MONITORED,MITIGATED
VUL-00506,OT-00958,CRITICAL,6.9,MEDIUM,YES,SEGMENTED,OPEN
VUL-00507,OT-00494,MEDIUM,5.1,LOW,NO,SEGMENTED,OPEN
VUL-00508,OT-00825,MEDIUM,7.3,HIGH,UNKNOWN,NONE,OPEN
VUL-00509,OT-00228,LOW,4.1,LOW,NO,ALLOWLIST,OPEN
VUL-00510,OT-01839,MEDIUM,9.0,LOW,UNKNOWN,SEGMENTED,OPEN
VUL-00511,OT-00581,HIGH,4.2,MEDIUM,NO,MONITORED,ACCEPTED
VUL-00512,OT-01055,CRITICAL,9.4,LOW,NO,MONITORED,OPEN
VUL-00513,OT-01310,LOW,9.4,MEDIUM,YES,MONITORED,ACCEPTED
VUL-00514,OT-01652,HIGH,9.1,HIGH,NO,NONE,OPEN
VUL-00515,OT-01865,HIGH,9.2,HIGH,YES,UNKNOWN,OPEN
VUL-00516,OT-00539,MEDIUM,7.7,HIGH,UNKNOWN,MONITORED,OPEN
VUL-00517,OT-01364,HIGH,7.6,HIGH,UNKNOWN,UNKNOWN,OPEN
VUL-00518,OT-01493,MEDIUM,9.6,MEDIUM,YES,ALLOWLIST,OPEN
VUL-00519,OT-00527,LOW,7.6,LOW,YES,SEGMENTED,MITIGATED
VUL-00520,OT-00565,LOW,7.3,LOW,UNKNOWN,UNKNOWN,OPEN
VUL-00521,OT-01018,HIGH,8.2,HIGH,YES,SEGMENTED,OPEN
VUL-00522,OT-00514,CRITICAL,6.2,MEDIUM,YES,SEGMENTED,MITIGATED
VUL-00523,OT-01631,MEDIUM,8.7,LOW,YES,MONITORED,OPEN
VUL-00524,OT-01825,LOW,7.6,HIGH,UNKNOWN,NONE,OPEN
VUL-00525,OT-00473,CRITICAL,9.7,LOW,NO,SEGMENTED,OPEN
VUL-00526,OT-00363,LOW,6.9,MEDIUM,NO,NONE,OPEN
VUL-00527,OT-01443,CRITICAL,4.2,MEDIUM,YES,ALLOWLIST,OPEN
VUL-00528,OT-00694,MEDIUM,6.6,LOW,NO,MONITORED,MITIGATED
VUL-00529,OT-01733,HIGH,7.3,LOW,UNKNOWN,SEGMENTED,OPEN
VUL-00530,OT-01366,HIGH,8.6,HIGH,YES,SEGMENTED,OPEN
VUL-00531,OT-01264,CRITICAL,9.2,MEDIUM,NO,ALLOWLIST,ACCEPTED
VUL-00532,OT-01943,HIGH,5.8,MEDIUM,YES,NONE,OPEN
VUL-00533,OT-00005,MEDIUM,9.5,HIGH,YES,UNKNOWN,OPEN
VUL-00534,OT-01844,HIGH,6.1,HIGH,YES,NONE,OPEN
VUL-00535,OT-01581,HIGH,7.3,HIGH,YES,MONITORED,OPEN
VUL-00536,OT-00441,MEDIUM,8.5,HIGH,NO,ALLOWLIST,OPEN
VUL-00537,OT-01543,MEDIUM,9.9,HIGH,YES,MONITORED,OPEN
VUL-00538,OT-00538,CRITICAL,5.9,HIGH,YES,MONITORED,MITIGATED
VUL-00539,OT-01008,LOW,4.1,MEDIUM,UNKNOWN,NONE,OPEN
VUL-00540,OT-00362,LOW,6.8,HIGH,UNKNOWN,SEGMENTED,MITIGATED
VUL-00541,OT-01963,CRITICAL,7.1,HIGH,NO,ALLOWLIST,OPEN
VUL-00542,OT-01386,HIGH,9.3,LOW,YES,UNKNOWN,ACCEPTED
VUL-00543,OT-00772,MEDIUM,6.8,MEDIUM,YES,NONE,OPEN
VUL-00544,OT-01922,LOW,7.8,MEDIUM,NO,NONE,MITIGATED
VUL-00545,OT-00843,CRITICAL,7.7,MEDIUM,UNKNOWN,UNKNOWN,OPEN
VUL-00546,OT-00936,MEDIUM,9.7,HIGH,NO,UNKNOWN,OPEN
VUL-00547,OT-00172,MEDIUM,6.8,MEDIUM,UNKNOWN,ALLOWLIST,MITIGATED
VUL-00548,OT-00786,LOW,5.1,LOW,YES,NONE,ACCEPTED
VUL-00549,OT-00478,LOW,6.3,HIGH,YES,ALLOWLIST,OPEN
VUL-00550,OT-00498,HIGH,7.1,MEDIUM,NO,MONITORED,OPEN
VUL-00551,OT-00412,CRITICAL,9.3,LOW,YES,SEGMENTED,OPEN
VUL-00552,OT-01832,MEDIUM,7.4,MEDIUM,UNKNOWN,ALLOWLIST,ACCEPTED
VUL-00553,OT-00163,MEDIUM,5.7,LOW,UNKNOWN,UNKNOWN,MITIGATED
VUL-00554,OT-00564,CRITICAL,6.0,LOW,YES,UNKNOWN,MITIGATED
VUL-00555,OT-00430,LOW,7.7,HIGH,YES,SEGMENTED,OPEN
VUL-00556,OT-00374,LOW,4.5,HIGH,UNKNOWN,ALLOWLIST,OPEN
VUL-00557,OT-01737,HIGH,4.8,LOW,NO,ALLOWLIST,OPEN
VUL-00558,OT-02001,MEDIUM,4.3,LOW,UNKNOWN,SEGMENTED,OPEN
VUL-00559,OT-00223,MEDIUM,5.3,HIGH,UNKNOWN,ALLOWLIST,OPEN
VUL-00560,OT-00579,LOW,5.2,LOW,NO,MONITORED,OPEN
VUL-00561,OT-01932,HIGH,8.3,HIGH,YES,NONE,OPEN
VUL-00562,OT-01889,HIGH,7.3,MEDIUM,UNKNOWN,UNKNOWN,OPEN
VUL-00563,OT-01328,HIGH,4.0,LOW,NO,NONE,MITIGATED
VUL-00564,OT-01773,HIGH,8.1,MEDIUM,UNKNOWN,MONITORED,OPEN
VUL-00565,OT-01349,HIGH,8.6,LOW,NO,ALLOWLIST,OPEN
VUL-00566,OT-01964,MEDIUM,7.5,MEDIUM,NO,MONITORED,OPEN
VUL-00567,OT-00249,LOW,9.0,HIGH,YES,UNKNOWN,OPEN
VUL-00568,OT-00685,CRITICAL,4.6,LOW,NO,ALLOWLIST,OPEN
VUL-00569,OT-00242,CRITICAL,8.2,HIGH,YES,MONITORED,OPEN
VUL-00570,OT-00276,HIGH,8.7,MEDIUM,YES,ALLOWLIST,ACCEPTED
VUL-00571,OT-01103,LOW,4.3,LOW,NO,UNKNOWN,OPEN
VUL-00572,OT-00476,HIGH,7.8,HIGH,UNKNOWN,ALLOWLIST,OPEN
VUL-00573,OT-00742,LOW,5.3,LOW,NO,SEGMENTED,OPEN
VUL-00574,OT-01353,LOW,5.6,MEDIUM,YES,UNKNOWN,MITIGATED
VUL-00575,OT-01798,MEDIUM,9.2,MEDIUM,NO,ALLOWLIST,OPEN
VUL-00576,OT-01229,MEDIUM,6.3,LOW,YES,ALLOWLIST,OPEN
VUL-00577,OT-00426,LOW,7.8,HIGH,YES,UNKNOWN,OPEN
VUL-00578,OT-01000,MEDIUM,7.2,LOW,UNKNOWN,UNKNOWN,OPEN
VUL-00579,OT-00027,CRITICAL,9.1,LOW,UNKNOWN,MONITORED,ACCEPTED
VUL-00580,OT-00373,CRITICAL,9.0,LOW,NO,UNKNOWN,ACCEPTED
VUL-00581,OT-01223,MEDIUM,8.2,LOW,NO,ALLOWLIST,MITIGATED
VUL-00582,OT-00224,MEDIUM,5.1,HIGH,YES,UNKNOWN,OPEN
VUL-00583,OT-01829,LOW,9.4,LOW,YES,UNKNOWN,OPEN
VUL-00584,OT-01706,LOW,5.8,HIGH,YES,SEGMENTED,ACCEPTED
VUL-00585,OT-01382,MEDIUM,5.4,HIGH,UNKNOWN,UNKNOWN,OPEN
VUL-00586,OT-00470,HIGH,6.6,MEDIUM,NO,UNKNOWN,OPEN
VUL-00587,OT-01796,HIGH,4.5,HIGH,NO,UNKNOWN,OPEN
VUL-00588,OT-00229,LOW,7.9,HIGH,NO,NONE,OPEN
VUL-00589,OT-01745,CRITICAL,4.6,MEDIUM,NO,ALLOWLIST,OPEN
VUL-00590,OT-01080,CRITICAL,4.2,MEDIUM,UNKNOWN,NONE,OPEN
VUL-00591,OT-01936,MEDIUM,7.1,HIGH,UNKNOWN,MONITORED,OPEN
VUL-00592,OT-00592,CRITICAL,8.0,MEDIUM,NO,UNKNOWN,OPEN
VUL-00593,OT-01302,HIGH,4.3,LOW,NO,ALLOWLIST,OPEN
VUL-00594,OT-00134,HIGH,5.1,MEDIUM,YES,ALLOWLIST,OPEN
VUL-00595,OT-00185,MEDIUM,4.9,MEDIUM,NO,UNKNOWN,OPEN
VUL-00596,OT-01449,LOW,4.5,LOW,UNKNOWN,SEGMENTED,OPEN
VUL-00597,OT-01234,HIGH,6.3,LOW,NO,UNKNOWN,ACCEPTED
VUL-00598,OT-01861,HIGH,9.5,LOW,UNKNOWN,NONE,ACCEPTED
VUL-00599,OT-01851,MEDIUM,5.3,LOW,YES,UNKNOWN,OPEN
VUL-00600,OT-01938,HIGH,5.4,MEDIUM,YES,MONITORED,OPEN
VUL-00601,OT-00747,LOW,7.0,MEDIUM,UNKNOWN,MONITORED,MITIGATED
VUL-00602,OT-01639,LOW,5.7,MEDIUM,YES,SEGMENTED,OPEN
VUL-00603,OT-01439,HIGH,7.2,LOW,NO,UNKNOWN,OPEN
VUL-00604,OT-01271,LOW,6.5,HIGH,YES,SEGMENTED,OPEN
VUL-00605,OT-00524,LOW,5.8,LOW,YES,ALLOWLIST,OPEN
VUL-00606,OT-00550,HIGH,6.4,MEDIUM,NO,UNKNOWN,OPEN
VUL-00607,OT-01684,MEDIUM,6.7,LOW,NO,UNKNOWN,ACCEPTED
VUL-00608,OT-01160,MEDIUM,6.2,HIGH,UNKNOWN,SEGMENTED,ACCEPTED
VUL-00609,OT-00619,HIGH,8.3,MEDIUM,NO,ALLOWLIST,OPEN
VUL-00610,OT-01093,HIGH,5.2,HIGH,NO,UNKNOWN,MITIGATED
VUL-00611,OT-00503,CRITICAL,5.7,HIGH,NO,NONE,OPEN
VUL-00612,OT-01898,LOW,5.9,MEDIUM,UNKNOWN,MONITORED,OPEN
VUL-00613,OT-01352,HIGH,7.5,MEDIUM,UNKNOWN,NONE,OPEN
VUL-00614,OT-01313,HIGH,5.0,LOW,NO,SEGMENTED,ACCEPTED
VUL-00615,OT-01097,MEDIUM,8.5,MEDIUM,NO,SEGMENTED,OPEN
VUL-00616,OT-00420,CRITICAL,5.2,MEDIUM,YES,SEGMENTED,ACCEPTED
VUL-00617,OT-01434,HIGH,5.7,HIGH,NO,UNKNOWN,MITIGATED
VUL-00618,OT-00809,HIGH,7.3,MEDIUM,NO,NONE,OPEN
VUL-00619,OT-00753,MEDIUM,4.0,HIGH,YES,SEGMENTED,OPEN
VUL-00620,OT-01046,CRITICAL,4.7,LOW,YES,MONITORED,MITIGATED
VUL-00621,OT-00344,HIGH,8.0,MEDIUM,YES,ALLOWLIST,ACCEPTED
VUL-00622,OT-00072,MEDIUM,9.7,LOW,NO,SEGMENTED,OPEN
VUL-00623,OT-00728,CRITICAL,8.4,MEDIUM,YES,NONE,ACCEPTED
VUL-00624,OT-00765,MEDIUM,4.0,HIGH,YES,UNKNOWN,MITIGATED
VUL-00625,OT-00259,CRITICAL,9.1,HIGH,YES,ALLOWLIST,MITIGATED
VUL-00626,OT-01337,CRITICAL,7.5,HIGH,YES,NONE,OPEN
VUL-00627,OT-00970,MEDIUM,8.6,HIGH,NO,SEGMENTED,OPEN
VUL-00628,OT-00485,MEDIUM,9.4,LOW,UNKNOWN,SEGMENTED,OPEN
VUL-00629,OT-01077,LOW,6.8,LOW,UNKNOWN,ALLOWLIST,ACCEPTED
VUL-00630,OT-00947,LOW,5.2,MEDIUM,YES,NONE,OPEN
VUL-00631,OT-01458,HIGH,8.1,LOW,UNKNOWN,MONITORED,OPEN
VUL-00632,OT-00686,MEDIUM,8.9,HIGH,YES,UNKNOWN,OPEN
VUL-00633,OT-01641,HIGH,8.1,HIGH,UNKNOWN,ALLOWLIST,OPEN
VUL-00634,OT-00766,MEDIUM,9.7,HIGH,NO,NONE,MITIGATED
VUL-00635,OT-01848,CRITICAL,8.0,LOW,NO,MONITORED,OPEN
VUL-00636,OT-00143,MEDIUM,6.4,LOW,NO,ALLOWLIST,OPEN
VUL-00637,OT-00043,CRITICAL,5.0,HIGH,NO,ALLOWLIST,MITIGATED
VUL-00638,OT-00943,CRITICAL,5.1,MEDIUM,UNKNOWN,UNKNOWN,OPEN
VUL-00639,OT-00330,MEDIUM,8.7,HIGH,NO,SEGMENTED,ACCEPTED
VUL-00640,OT-01542,MEDIUM,5.5,MEDIUM,YES,MONITORED,MITIGATED
VUL-00641,OT-01906,HIGH,5.6,HIGH,NO,UNKNOWN,OPEN
VUL-00642,OT-01748,LOW,6.5,HIGH,NO,ALLOWLIST,OPEN
VUL-00643,OT-01815,MEDIUM,9.5,MEDIUM,YES,SEGMENTED,OPEN
VUL-00644,OT-01845,HIGH,4.0,HIGH,YES,UNKNOWN,OPEN
VUL-00645,OT-01045,HIGH,5.9,HIGH,YES,UNKNOWN,OPEN
VUL-00646,OT-01416,LOW,9.4,LOW,YES,UNKNOWN,OPEN
VUL-00647,OT-00216,LOW,6.5,HIGH,YES,NONE,OPEN
VUL-00648,OT-00003,HIGH,7.0,MEDIUM,YES,ALLOWLIST,OPEN
VUL-00649,OT-00092,LOW,7.8,HIGH,UNKNOWN,ALLOWLIST,OPEN
VUL-00650,OT-01326,MEDIUM,9.5,MEDIUM,UNKNOWN,UNKNOWN,OPEN
VUL-00651,OT-00128,MEDIUM,9.3,LOW,NO,SEGMENTED,MITIGATED
VUL-00652,OT-01827,HIGH,4.6,HIGH,YES,UNKNOWN,OPEN
VUL-00653,OT-01946,MEDIUM,5.0,MEDIUM,UNKNOWN,SEGMENTED,OPEN
VUL-00654,OT-00695,HIGH,8.7,MEDIUM,NO,UNKNOWN,OPEN
VUL-00655,OT-00590,HIGH,5.8,LOW,YES,MONITORED,OPEN
VUL-00656,OT-00499,CRITICAL,7.5,HIGH,NO,NONE,OPEN
VUL-00657,OT-00443,MEDIUM,7.0,MEDIUM,YES,ALLOWLIST,OPEN
VUL-00658,OT-00682,HIGH,5.6,HIGH,NO,MONITORED,OPEN
VUL-00659,OT-00887,CRITICAL,9.1,HIGH,UNKNOWN,UNKNOWN,OPEN
VUL-00660,OT-01527,LOW,4.9,LOW,UNKNOWN,SEGMENTED,OPEN
VUL-00661,OT-01424,HIGH,5.8,HIGH,YES,UNKNOWN,OPEN
VUL-00662,OT-01005,CRITICAL,5.2,MEDIUM,UNKNOWN,MONITORED,MITIGATED
VUL-00663,OT-01429,HIGH,7.0,LOW,NO,NONE,OPEN
VUL-00664,OT-01649,HIGH,6.9,HIGH,UNKNOWN,NONE,OPEN
VUL-00665,OT-00882,LOW,9.7,HIGH,YES,ALLOWLIST,OPEN
VUL-00666,OT-01554,MEDIUM,6.8,HIGH,NO,SEGMENTED,OPEN
VUL-00667,OT-00295,CRITICAL,9.0,LOW,YES,SEGMENTED,OPEN
VUL-00668,OT-01132,HIGH,4.8,MEDIUM,NO,UNKNOWN,OPEN
VUL-00669,OT-01404,MEDIUM,6.8,MEDIUM,UNKNOWN,SEGMENTED,ACCEPTED
VUL-00670,OT-00644,LOW,5.8,HIGH,UNKNOWN,NONE,MITIGATED
VUL-00671,OT-00434,MEDIUM,6.3,MEDIUM,NO,UNKNOWN,ACCEPTED
VUL-00672,OT-01179,CRITICAL,6.8,HIGH,UNKNOWN,ALLOWLIST,OPEN
VUL-00673,OT-00597,CRITICAL,9.4,MEDIUM,NO,ALLOWLIST,OPEN
VUL-00674,OT-00912,CRITICAL,4.9,MEDIUM,YES,ALLOWLIST,OPEN
VUL-00675,OT-00623,CRITICAL,6.2,MEDIUM,UNKNOWN,ALLOWLIST,MITIGATED
VUL-00676,OT-01069,MEDIUM,4.7,LOW,NO,SEGMENTED,OPEN
VUL-00677,OT-01987,HIGH,8.9,HIGH,NO,SEGMENTED,ACCEPTED
VUL-00678,OT-01944,HIGH,9.8,LOW,NO,MONITORED,ACCEPTED
VUL-00679,OT-01107,CRITICAL,6.5,LOW,NO,NONE,OPEN
VUL-00680,OT-01507,LOW,8.7,HIGH,YES,UNKNOWN,OPEN
VUL-00681,OT-01945,CRITICAL,9.3,LOW,UNKNOWN,UNKNOWN,MITIGATED
VUL-00682,OT-01280,MEDIUM,5.6,HIGH,NO,UNKNOWN,OPEN
VUL-00683,OT-00464,HIGH,7.1,HIGH,UNKNOWN,ALLOWLIST,MITIGATED
VUL-00684,OT-00708,HIGH,8.4,MEDIUM,YES,NONE,OPEN
VUL-00685,OT-00104,MEDIUM,8.1,HIGH,NO,UNKNOWN,ACCEPTED
VUL-00686,OT-00980,HIGH,5.4,MEDIUM,YES,ALLOWLIST,MITIGATED
VUL-00687,OT-00297,MEDIUM,9.3,LOW,UNKNOWN,NONE,MITIGATED
VUL-00688,OT-01975,MEDIUM,9.8,LOW,NO,SEGMENTED,OPEN
VUL-00689,OT-00775,HIGH,4.6,LOW,UNKNOWN,NONE,OPEN
VUL-00690,OT-00924,MEDIUM,8.5,HIGH,NO,MONITORED,MITIGATED
VUL-00691,OT-01409,LOW,5.9,LOW,NO,UNKNOWN,OPEN
VUL-00692,OT-00333,CRITICAL,9.2,MEDIUM,YES,SEGMENTED,OPEN
VUL-00693,OT-00189,LOW,8.9,LOW,YES,MONITORED,OPEN
VUL-00694,OT-01967,HIGH,8.7,MEDIUM,YES,MONITORED,OPEN
VUL-00695,OT-00034,CRITICAL,5.5,HIGH,UNKNOWN,MONITORED,OPEN
VUL-00696,OT-01868,MEDIUM,6.9,MEDIUM,YES,MONITORED,OPEN
VUL-00697,OT-01274,LOW,6.8,LOW,UNKNOWN,SEGMENTED,OPEN
VUL-00698,OT-01025,CRITICAL,4.4,HIGH,YES,NONE,OPEN
VUL-00699,OT-00422,HIGH,9.2,MEDIUM,UNKNOWN,SEGMENTED,OPEN
VUL-00700,OT-00549,MEDIUM,7.8,LOW,NO,ALLOWLIST,OPEN
VUL-00701,OT-00841,CRITICAL,7.2,LOW,UNKNOWN,SEGMENTED,OPEN
VUL-00702,OT-01126,LOW,9.3,HIGH,NO,MONITORED,OPEN
VUL-00703,OT-01574,LOW,7.1,HIGH,NO,UNKNOWN,OPEN
VUL-00704,OT-01465,HIGH,7.7,LOW,NO,ALLOWLIST,OPEN
VUL-00705,OT-01357,CRITICAL,6.0,HIGH,UNKNOWN,NONE,OPEN
VUL-00706,OT-00654,CRITICAL,9.8,LOW,NO,SEGMENTED,OPEN
VUL-00707,OT-01115,MEDIUM,6.5,LOW,UNKNOWN,MONITORED,OPEN
VUL-00708,OT-00028,MEDIUM,4.3,MEDIUM,UNKNOWN,MONITORED,OPEN
VUL-00709,OT-00547,CRITICAL,5.7,LOW,YES,SEGMENTED,OPEN
VUL-00710,OT-01104,LOW,9.2,MEDIUM,YES,UNKNOWN,MITIGATED
VUL-00711,OT-00201,LOW,7.2,LOW,UNKNOWN,UNKNOWN,OPEN
VUL-00712,OT-00759,CRITICAL,7.5,LOW,UNKNOWN,SEGMENTED,OPEN
VUL-00713,OT-01467,MEDIUM,7.5,LOW,NO,NONE,OPEN
VUL-00714,OT-01672,CRITICAL,7.7,HIGH,UNKNOWN,SEGMENTED,OPEN
VUL-00715,OT-01137,LOW,5.4,LOW,UNKNOWN,SEGMENTED,OPEN
VUL-00716,OT-00108,HIGH,4.6,LOW,NO,NONE,OPEN
VUL-00717,OT-01359,CRITICAL,4.6,LOW,YES,UNKNOWN,OPEN
VUL-00718,OT-00440,LOW,4.3,MEDIUM,NO,NONE,OPEN
VUL-00719,OT-00596,MEDIUM,7.1,MEDIUM,YES,MONITORED,MITIGATED
VUL-00720,OT-00439,HIGH,6.0,MEDIUM,UNKNOWN,NONE,OPEN
VUL-00721,OT-01334,LOW,4.9,MEDIUM,UNKNOWN,ALLOWLIST,OPEN
VUL-00722,OT-00144,LOW,9.1,LOW,UNKNOWN,SEGMENTED,OPEN
VUL-00723,OT-00207,LOW,6.2,LOW,NO,NONE,MITIGATED
VUL-00724,OT-00053,MEDIUM,6.6,HIGH,YES,MONITORED,ACCEPTED
VUL-00725,OT-00667,LOW,6.7,HIGH,YES,ALLOWLIST,OPEN
VUL-00726,OT-00483,LOW,9.1,LOW,UNKNOWN,NONE,OPEN
VUL-00727,OT-00438,CRITICAL,4.2,MEDIUM,NO,MONITORED,OPEN
VUL-00728,OT-01166,HIGH,7.1,MEDIUM,NO,ALLOWLIST,OPEN
VUL-00729,OT-01408,MEDIUM,6.7,LOW,YES,NONE,OPEN
VUL-00730,OT-00732,HIGH,5.9,HIGH,YES,NONE,MITIGATED
VUL-00731,OT-00453,CRITICAL,9.2,LOW,YES,ALLOWLIST,OPEN
VUL-00732,OT-01159,HIGH,9.1,LOW,NO,ALLOWLIST,OPEN
VUL-00733,OT-00542,HIGH,9.7,HIGH,NO,NONE,ACCEPTED
VUL-00734,OT-00606,CRITICAL,8.7,MEDIUM,NO,NONE,ACCEPTED
VUL-00735,OT-00629,LOW,4.8,LOW,NO,ALLOWLIST,OPEN
VUL-00736,OT-01721,MEDIUM,8.6,MEDIUM,YES,MONITORED,OPEN
VUL-00737,OT-00252,HIGH,6.4,HIGH,YES,SEGMENTED,OPEN
VUL-00738,OT-00342,LOW,6.2,LOW,NO,SEGMENTED,ACCEPTED
VUL-00739,OT-00532,MEDIUM,4.5,MEDIUM,UNKNOWN,ALLOWLIST,ACCEPTED
VUL-00740,OT-01576,CRITICAL,9.0,HIGH,NO,SEGMENTED,OPEN
VUL-00741,OT-01468,HIGH,6.8,HIGH,NO,MONITORED,OPEN
VUL-00742,OT-00358,LOW,8.2,MEDIUM,UNKNOWN,NONE,OPEN
VUL-00743,OT-01582,MEDIUM,4.8,MEDIUM,YES,ALLOWLIST,OPEN
VUL-00744,OT-00528,MEDIUM,9.1,HIGH,YES,UNKNOWN,OPEN
VUL-00745,OT-01816,HIGH,5.3,MEDIUM,UNKNOWN,SEGMENTED,OPEN
VUL-00746,OT-00424,MEDIUM,8.5,MEDIUM,YES,NONE,OPEN
VUL-00747,OT-01891,MEDIUM,8.0,HIGH,UNKNOWN,NONE,OPEN
VUL-00748,OT-00309,HIGH,6.2,LOW,YES,NONE,OPEN
VUL-00749,OT-01407,CRITICAL,7.8,LOW,NO,NONE,OPEN
VUL-00750,OT-01350,LOW,6.8,HIGH,UNKNOWN,NONE,MITIGATED
VUL-00751,OT-01813,LOW,4.6,LOW,NO,UNKNOWN,OPEN
VUL-00752,OT-01051,LOW,6.5,MEDIUM,YES,NONE,OPEN
VUL-00753,OT-00771,LOW,6.7,MEDIUM,YES,SEGMENTED,OPEN
VUL-00754,OT-00263,HIGH,8.0,HIGH,UNKNOWN,MONITORED,OPEN
VUL-00755,OT-01026,HIGH,6.5,HIGH,NO,SEGMENTED,OPEN
VUL-00756,OT-01290,HIGH,7.2,HIGH,UNKNOWN,MONITORED,OPEN
VUL-00757,OT-01619,HIGH,5.6,HIGH,YES,ALLOWLIST,OPEN
VUL-00758,OT-00939,HIGH,6.9,LOW,YES,NONE,ACCEPTED
VUL-00759,OT-00455,CRITICAL,4.6,LOW,YES,NONE,ACCEPTED
VUL-00760,OT-01487,MEDIUM,5.8,MEDIUM,NO,NONE,OPEN
VUL-00761,OT-00155,LOW,7.6,HIGH,YES,SEGMENTED,OPEN
VUL-00762,OT-00024,CRITICAL,5.7,LOW,UNKNOWN,SEGMENTED,OPEN
VUL-00763,OT-00307,MEDIUM,8.6,HIGH,YES,SEGMENTED,OPEN
VUL-00764,OT-00515,CRITICAL,8.8,HIGH,YES,MONITORED,OPEN
VUL-00765,OT-01809,HIGH,5.3,HIGH,YES,SEGMENTED,MITIGATED
VUL-00766,OT-01029,MEDIUM,5.7,LOW,NO,SEGMENTED,OPEN
VUL-00767,OT-01881,HIGH,8.6,MEDIUM,NO,ALLOWLIST,OPEN
VUL-00768,OT-01004,LOW,7.0,HIGH,NO,UNKNOWN,OPEN
VUL-00769,OT-01314,HIGH,6.3,MEDIUM,YES,UNKNOWN,OPEN
VUL-00770,OT-00131,CRITICAL,5.8,MEDIUM,YES,ALLOWLIST,OPEN
VUL-00771,OT-00910,LOW,5.2,MEDIUM,YES,NONE,OPEN
VUL-00772,OT-00519,LOW,7.6,HIGH,YES,NONE,OPEN
VUL-00773,OT-01654,MEDIUM,6.6,LOW,NO,NONE,ACCEPTED
VUL-00774,OT-00808,LOW,8.3,HIGH,NO,ALLOWLIST,OPEN
VUL-00775,OT-01526,CRITICAL,7.0,MEDIUM,UNKNOWN,ALLOWLIST,OPEN
VUL-00776,OT-00425,HIGH,7.2,HIGH,UNKNOWN,UNKNOWN,MITIGATED
VUL-00777,OT-01389,LOW,9.5,LOW,NO,SEGMENTED,OPEN
VUL-00778,OT-01489,LOW,9.7,MEDIUM,UNKNOWN,ALLOWLIST,OPEN
VUL-00779,OT-01705,LOW,7.6,LOW,NO,NONE,ACCEPTED
VUL-00780,OT-01305,HIGH,5.9,HIGH,YES,UNKNOWN,ACCEPTED
VUL-00781,OT-01947,HIGH,6.8,LOW,UNKNOWN,NONE,OPEN
VUL-00782,OT-01547,MEDIUM,9.0,LOW,YES,MONITORED,OPEN
VUL-00783,OT-01129,MEDIUM,8.6,HIGH,YES,NONE,OPEN
VUL-00784,OT-00066,LOW,8.7,MEDIUM,UNKNOWN,UNKNOWN,MITIGATED
VUL-00785,OT-01222,MEDIUM,7.8,LOW,UNKNOWN,ALLOWLIST,OPEN
VUL-00786,OT-00873,LOW,6.2,MEDIUM,UNKNOWN,NONE,ACCEPTED
VUL-00787,OT-00433,LOW,9.5,HIGH,NO,MONITORED,OPEN
VUL-00788,OT-00779,MEDIUM,7.9,LOW,UNKNOWN,MONITORED,MITIGATED
VUL-00789,OT-01078,MEDIUM,8.8,LOW,UNKNOWN,NONE,OPEN
VUL-00790,OT-00153,HIGH,7.4,HIGH,NO,NONE,OPEN
VUL-00791,OT-01907,HIGH,6.4,HIGH,NO,NONE,OPEN
VUL-00792,OT-01011,MEDIUM,6.6,LOW,NO,SEGMENTED,ACCEPTED
VUL-00793,OT-00978,HIGH,8.5,MEDIUM,NO,MONITORED,OPEN
VUL-00794,OT-01960,MEDIUM,5.3,MEDIUM,YES,SEGMENTED,OPEN
VUL-00795,OT-00662,LOW,8.6,LOW,UNKNOWN,SEGMENTED,OPEN
VUL-00796,OT-01610,LOW,5.7,HIGH,YES,SEGMENTED,OPEN
VUL-00797,OT-01648,HIGH,7.8,HIGH,YES,MONITORED,OPEN
VUL-00798,OT-01374,CRITICAL,7.6,HIGH,YES,UNKNOWN,ACCEPTED
VUL-00799,OT-00746,MEDIUM,8.3,LOW,YES,SEGMENTED,ACCEPTED
VUL-00800,OT-00211,HIGH,8.1,MEDIUM,UNKNOWN,MONITORED,OPEN
VUL-00801,OT-01453,CRITICAL,5.2,LOW,UNKNOWN,NONE,OPEN
VUL-00802,OT-01624,HIGH,9.2,HIGH,NO,ALLOWLIST,MITIGATED
VUL-00803,OT-01445,CRITICAL,8.0,MEDIUM,NO,UNKNOWN,MITIGATED
VUL-00804,OT-00099,LOW,6.6,LOW,YES,ALLOWLIST,OPEN
VUL-00805,OT-01490,LOW,7.7,HIGH,UNKNOWN,SEGMENTED,ACCEPTED
VUL-00806,OT-00281,LOW,6.2,LOW,YES,UNKNOWN,OPEN
VUL-00807,OT-01837,LOW,9.0,LOW,YES,NONE,ACCEPTED
VUL-00808,OT-00463,CRITICAL,9.0,MEDIUM,UNKNOWN,SEGMENTED,ACCEPTED
VUL-00809,OT-01294,HIGH,7.7,HIGH,UNKNOWN,ALLOWLIST,OPEN
VUL-00810,OT-01974,MEDIUM,6.5,MEDIUM,NO,ALLOWLIST,ACCEPTED
VUL-00811,OT-01596,HIGH,5.4,LOW,UNKNOWN,UNKNOWN,OPEN
VUL-00812,OT-00767,MEDIUM,8.9,LOW,NO,UNKNOWN,OPEN
VUL-00813,OT-00605,HIGH,7.3,HIGH,NO,MONITORED,OPEN
VUL-00814,OT-01436,HIGH,5.0,HIGH,YES,UNKNOWN,OPEN
VUL-00815,OT-00800,HIGH,9.3,HIGH,NO,MONITORED,OPEN
VUL-00816,OT-01402,CRITICAL,8.6,LOW,NO,ALLOWLIST,OPEN
VUL-00817,OT-01082,LOW,6.0,LOW,YES,UNKNOWN,OPEN
VUL-00818,OT-00240,CRITICAL,5.3,LOW,UNKNOWN,MONITORED,OPEN
VUL-00819,OT-01627,MEDIUM,5.0,LOW,UNKNOWN,NONE,OPEN
VUL-00820,OT-01819,HIGH,7.9,LOW,YES,NONE,OPEN
VUL-00821,OT-01369,LOW,6.7,LOW,YES,SEGMENTED,OPEN
VUL-00822,OT-01777,HIGH,7.7,LOW,NO,ALLOWLIST,OPEN
VUL-00823,OT-01749,MEDIUM,8.6,MEDIUM,NO,MONITORED,MITIGATED
VUL-00824,OT-00893,CRITICAL,4.4,LOW,UNKNOWN,SEGMENTED,OPEN
VUL-00825,OT-01540,HIGH,9.0,MEDIUM,YES,NONE,OPEN
VUL-00826,OT-01729,MEDIUM,7.9,LOW,NO,MONITORED,OPEN
VUL-00827,OT-01997,HIGH,7.2,MEDIUM,NO,ALLOWLIST,MITIGATED
VUL-00828,OT-01502,MEDIUM,9.7,MEDIUM,YES,NONE,OPEN
VUL-00829,OT-00415,MEDIUM,6.9,MEDIUM,UNKNOWN,UNKNOWN,OPEN
VUL-00830,OT-01724,CRITICAL,8.7,LOW,NO,NONE,OPEN
VUL-00831,OT-00220,LOW,6.8,MEDIUM,YES,NONE,OPEN
VUL-00832,OT-01694,HIGH,9.5,LOW,NO,ALLOWLIST,OPEN
VUL-00833,OT-01460,CRITICAL,8.5,MEDIUM,NO,ALLOWLIST,OPEN
VUL-00834,OT-01360,LOW,4.2,HIGH,UNKNOWN,MONITORED,OPEN
VUL-00835,OT-00033,LOW,6.3,MEDIUM,UNKNOWN,UNKNOWN,OPEN
VUL-00836,OT-00661,CRITICAL,7.2,MEDIUM,YES,SEGMENTED,MITIGATED
VUL-00837,OT-01024,LOW,4.5,MEDIUM,YES,NONE,MITIGATED
VUL-00838,OT-01417,LOW,4.2,HIGH,UNKNOWN,MONITORED,OPEN
VUL-00839,OT-00535,LOW,6.2,HIGH,UNKNOWN,MONITORED,OPEN
VUL-00840,OT-01199,LOW,7.1,MEDIUM,UNKNOWN,NONE,OPEN
VUL-00841,OT-01139,CRITICAL,5.3,LOW,YES,SEGMENTED,OPEN
VUL-00842,OT-01678,CRITICAL,6.9,MEDIUM,YES,NONE,OPEN
VUL-00843,OT-00206,CRITICAL,7.2,MEDIUM,UNKNOWN,NONE,OPEN
VUL-00844,OT-01010,CRITICAL,4.4,LOW,NO,UNKNOWN,OPEN
VUL-00845,OT-01094,HIGH,7.2,MEDIUM,NO,UNKNOWN,OPEN
VUL-00846,OT-01531,MEDIUM,5.3,MEDIUM,YES,UNKNOWN,MITIGATED
VUL-00847,OT-01693,MEDIUM,6.5,MEDIUM,NO,NONE,OPEN
VUL-00848,OT-01101,MEDIUM,8.3,HIGH,YES,MONITORED,OPEN
VUL-00849,OT-00149,LOW,7.3,LOW,YES,NONE,OPEN
VUL-00850,OT-01248,HIGH,4.8,HIGH,YES,SEGMENTED,OPEN
VUL-00851,OT-01378,LOW,4.9,LOW,YES,SEGMENTED,OPEN
VUL-00852,OT-01031,LOW,5.0,LOW,NO,UNKNOWN,OPEN
VUL-00853,OT-00081,LOW,4.2,LOW,NO,NONE,OPEN
VUL-00854,OT-01042,HIGH,4.7,MEDIUM,NO,ALLOWLIST,MITIGATED
VUL-00855,OT-01977,LOW,8.2,LOW,NO,ALLOWLIST,OPEN
VUL-00856,OT-01324,CRITICAL,7.3,HIGH,NO,ALLOWLIST,MITIGATED
VUL-00857,OT-00701,LOW,7.5,LOW,NO,ALLOWLIST,OPEN
VUL-00858,OT-01315,HIGH,9.9,MEDIUM,YES,SEGMENTED,ACCEPTED
VUL-00859,OT-01427,MEDIUM,4.5,MEDIUM,YES,ALLOWLIST,OPEN
VUL-00860,OT-01662,CRITICAL,7.3,MEDIUM,UNKNOWN,ALLOWLIST,OPEN
VUL-00861,OT-01149,HIGH,7.2,MEDIUM,YES,SEGMENTED,ACCEPTED
VUL-00862,OT-00306,LOW,9.3,HIGH,NO,UNKNOWN,OPEN
VUL-00863,OT-01204,MEDIUM,7.6,MEDIUM,UNKNOWN,NONE,ACCEPTED
VUL-00864,OT-00799,HIGH,5.3,HIGH,YES,MONITORED,MITIGATED
VUL-00865,OT-00677,LOW,6.8,HIGH,NO,UNKNOWN,OPEN
VUL-00866,OT-00940,LOW,8.9,LOW,YES,MONITORED,OPEN
VUL-00867,OT-01083,LOW,6.6,LOW,UNKNOWN,MONITORED,OPEN
VUL-00868,OT-01479,CRITICAL,7.1,HIGH,YES,SEGMENTED,OPEN
VUL-00869,OT-00323,LOW,6.2,LOW,NO,NONE,OPEN
VUL-00870,OT-01555,HIGH,6.9,LOW,YES,MONITORED,OPEN
VUL-00871,OT-00908,LOW,5.9,LOW,UNKNOWN,ALLOWLIST,MITIGATED
VUL-00872,OT-01202,MEDIUM,6.9,LOW,YES,SEGMENTED,OPEN
VUL-00873,OT-00161,LOW,7.4,MEDIUM,UNKNOWN,NONE,OPEN
VUL-00874,OT-00129,MEDIUM,5.0,HIGH,UNKNOWN,ALLOWLIST,OPEN
VUL-00875,OT-01982,HIGH,5.4,MEDIUM,NO,UNKNOWN,ACCEPTED
VUL-00876,OT-00045,LOW,5.9,MEDIUM,YES,UNKNOWN,OPEN
VUL-00877,OT-00610,MEDIUM,9.2,LOW,UNKNOWN,ALLOWLIST,OPEN
VUL-00878,OT-00954,MEDIUM,6.0,MEDIUM,UNKNOWN,UNKNOWN,OPEN
VUL-00879,OT-00302,MEDIUM,7.7,LOW,NO,MONITORED,OPEN
VUL-00880,OT-00520,MEDIUM,8.5,MEDIUM,YES,UNKNOWN,MITIGATED
VUL-00881,OT-00663,LOW,4.2,LOW,NO,ALLOWLIST,OPEN
VUL-00882,OT-00385,HIGH,7.6,MEDIUM,NO,MONITORED,OPEN
VUL-00883,OT-00769,LOW,8.2,LOW,NO,MONITORED,OPEN
VUL-00884,OT-00509,LOW,5.7,LOW,UNKNOWN,ALLOWLIST,OPEN
VUL-00885,OT-00014,LOW,9.2,LOW,UNKNOWN,UNKNOWN,OPEN
VUL-00886,OT-01747,MEDIUM,8.7,HIGH,YES,ALLOWLIST,MITIGATED
VUL-00887,OT-01488,CRITICAL,8.2,MEDIUM,UNKNOWN,ALLOWLIST,OPEN
VUL-00888,OT-01111,MEDIUM,8.5,HIGH,UNKNOWN,MONITORED,MITIGATED
VUL-00889,OT-01317,LOW,5.1,LOW,NO,UNKNOWN,MITIGATED
VUL-00890,OT-00310,MEDIUM,5.3,MEDIUM,NO,SEGMENTED,ACCEPTED
VUL-00891,OT-00997,MEDIUM,9.1,MEDIUM,UNKNOWN,UNKNOWN,OPEN
VUL-00892,OT-01897,MEDIUM,8.9,LOW,NO,ALLOWLIST,OPEN
VUL-00893,OT-01899,LOW,4.9,LOW,YES,MONITORED,ACCEPTED
VUL-00894,OT-01929,MEDIUM,7.3,MEDIUM,NO,SEGMENTED,OPEN
VUL-00895,OT-01198,CRITICAL,8.8,HIGH,YES,ALLOWLIST,OPEN
VUL-00896,OT-00225,HIGH,5.5,MEDIUM,UNKNOWN,NONE,OPEN
VUL-00897,OT-01306,CRITICAL,7.7,LOW,YES,ALLOWLIST,ACCEPTED
VUL-00898,OT-00121,CRITICAL,5.9,HIGH,NO,SEGMENTED,OPEN
VUL-00899,OT-00599,MEDIUM,4.4,HIGH,NO,UNKNOWN,MITIGATED
VUL-00900,OT-00160,MEDIUM,7.7,LOW,UNKNOWN,ALLOWLIST,MITIGATED
VUL-00901,OT-00083,LOW,8.4,MEDIUM,YES,UNKNOWN,OPEN
VUL-00902,OT-01738,MEDIUM,4.4,LOW,YES,ALLOWLIST,OPEN
VUL-00903,OT-01496,MEDIUM,8.6,HIGH,UNKNOWN,SEGMENTED,OPEN
VUL-00904,OT-00460,CRITICAL,9.4,MEDIUM,UNKNOWN,UNKNOWN,OPEN
VUL-00905,OT-00505,CRITICAL,6.6,HIGH,UNKNOWN,NONE,OPEN
VUL-00906,OT-01640,LOW,6.7,LOW,UNKNOWN,SEGMENTED,OPEN
VUL-00907,OT-01267,CRITICAL,5.3,HIGH,UNKNOWN,SEGMENTED,OPEN
VUL-00908,OT-00349,HIGH,4.6,HIGH,UNKNOWN,NONE,MITIGATED
VUL-00909,OT-01578,MEDIUM,5.5,LOW,NO,SEGMENTED,MITIGATED
VUL-00910,OT-00545,HIGH,4.8,MEDIUM,YES,ALLOWLIST,OPEN
VUL-00911,OT-00145,LOW,5.5,HIGH,NO,NONE,ACCEPTED
VUL-00912,OT-01935,LOW,5.8,HIGH,NO,MONITORED,ACCEPTED
VUL-00913,OT-01606,MEDIUM,9.0,HIGH,YES,UNKNOWN,OPEN
VUL-00914,OT-00842,MEDIUM,8.1,MEDIUM,UNKNOWN,MONITORED,OPEN
VUL-00915,OT-01758,HIGH,8.2,MEDIUM,NO,NONE,OPEN
VUL-00916,OT-01145,CRITICAL,4.8,HIGH,YES,SEGMENTED,ACCEPTED
VUL-00917,OT-01909,CRITICAL,9.6,HIGH,YES,ALLOWLIST,OPEN
VUL-00918,OT-01629,MEDIUM,7.6,LOW,NO,NONE,ACCEPTED
VUL-00919,OT-00594,CRITICAL,5.6,MEDIUM,NO,SEGMENTED,ACCEPTED
VUL-00920,OT-00812,CRITICAL,7.9,HIGH,YES,ALLOWLIST,OPEN
VUL-00921,OT-01680,LOW,7.4,HIGH,YES,ALLOWLIST,OPEN
VUL-00922,OT-00817,HIGH,5.0,MEDIUM,UNKNOWN,UNKNOWN,OPEN
VUL-00923,OT-00668,CRITICAL,4.8,HIGH,UNKNOWN,SEGMENTED,OPEN
VUL-00924,OT-00583,LOW,9.8,HIGH,NO,MONITORED,ACCEPTED
VUL-00925,OT-01604,LOW,8.1,LOW,UNKNOWN,SEGMENTED,OPEN
VUL-00926,OT-00888,CRITICAL,6.2,MEDIUM,YES,NONE,OPEN
VUL-00927,OT-00484,MEDIUM,7.5,LOW,YES,SEGMENTED,ACCEPTED
VUL-00928,OT-01716,MEDIUM,7.4,LOW,YES,ALLOWLIST,OPEN
VUL-00929,OT-01843,HIGH,7.5,MEDIUM,YES,NONE,ACCEPTED
VUL-00930,OT-01027,CRITICAL,8.6,LOW,NO,ALLOWLIST,OPEN
VUL-00931,OT-00967,LOW,7.9,LOW,YES,SEGMENTED,OPEN
VUL-00932,OT-00920,MEDIUM,5.0,HIGH,NO,ALLOWLIST,OPEN
VUL-00933,OT-01993,HIGH,6.2,LOW,UNKNOWN,ALLOWLIST,OPEN
VUL-00934,OT-01701,CRITICAL,5.0,MEDIUM,UNKNOWN,NONE,MITIGATED
VUL-00935,OT-00413,LOW,7.3,HIGH,NO,ALLOWLIST,ACCEPTED
VUL-00936,OT-01420,HIGH,9.3,MEDIUM,YES,NONE,OPEN
VUL-00937,OT-00110,LOW,7.7,HIGH,NO,MONITORED,OPEN
VUL-00938,OT-00059,MEDIUM,8.5,LOW,UNKNOWN,MONITORED,OPEN
VUL-00939,OT-00928,LOW,9.5,MEDIUM,NO,UNKNOWN,MITIGATED
VUL-00940,OT-00321,CRITICAL,6.6,HIGH,YES,UNKNOWN,OPEN
VUL-00941,OT-00055,HIGH,6.6,LOW,YES,SEGMENTED,OPEN
VUL-00942,OT-01764,HIGH,8.7,LOW,NO,ALLOWLIST,MITIGATED
VUL-00943,OT-01023,LOW,5.0,MEDIUM,UNKNOWN,SEGMENTED,MITIGATED
VUL-00944,OT-00536,CRITICAL,5.0,HIGH,NO,UNKNOWN,MITIGATED
VUL-00945,OT-01592,LOW,6.1,LOW,YES,ALLOWLIST,OPEN
VUL-00946,OT-01412,HIGH,7.5,HIGH,UNKNOWN,UNKNOWN,OPEN
VUL-00947,OT-01230,HIGH,6.0,HIGH,YES,ALLOWLIST,OPEN
VUL-00948,OT-01808,LOW,4.4,HIGH,UNKNOWN,NONE,OPEN
VUL-00949,OT-00340,MEDIUM,9.9,LOW,NO,ALLOWLIST,MITIGATED
VUL-00950,OT-00736,CRITICAL,5.2,MEDIUM,YES,UNKNOWN,MITIGATED
VUL-00951,OT-01066,HIGH,7.6,LOW,UNKNOWN,MONITORED,OPEN
VUL-00952,OT-01647,CRITICAL,4.8,HIGH,YES,MONITORED,MITIGATED
VUL-00953,OT-00273,LOW,8.6,HIGH,YES,NONE,MITIGATED
VUL-00954,OT-01920,CRITICAL,5.6,HIGH,NO,NONE,ACCEPTED
VUL-00955,OT-01084,MEDIUM,8.7,LOW,NO,SEGMENTED,OPEN
VUL-00956,OT-00782,HIGH,5.6,LOW,UNKNOWN,UNKNOWN,ACCEPTED
VUL-00957,OT-00042,CRITICAL,4.4,HIGH,UNKNOWN,MONITORED,OPEN
VUL-00958,OT-01112,CRITICAL,8.7,MEDIUM,UNKNOWN,SEGMENTED,OPEN
VUL-00959,OT-00095,HIGH,6.9,MEDIUM,UNKNOWN,MONITORED,OPEN
VUL-00960,OT-00915,HIGH,7.5,LOW,NO,MONITORED,OPEN
VUL-00961,OT-00740,HIGH,8.8,MEDIUM,NO,ALLOWLIST,MITIGATED
VUL-00962,OT-00071,HIGH,5.4,MEDIUM,NO,MONITORED,OPEN
VUL-00963,OT-00376,MEDIUM,4.4,HIGH,UNKNOWN,UNKNOWN,OPEN
VUL-00964,OT-01562,CRITICAL,9.5,HIGH,YES,MONITORED,OPEN
VUL-00965,OT-00030,MEDIUM,8.8,HIGH,YES,MONITORED,OPEN
VUL-00966,OT-01713,CRITICAL,7.7,LOW,UNKNOWN,SEGMENTED,OPEN
VUL-00967,OT-00657,LOW,6.6,MEDIUM,UNKNOWN,NONE,OPEN
VUL-00968,OT-00774,MEDIUM,9.0,HIGH,YES,UNKNOWN,MITIGATED
VUL-00969,OT-01405,MEDIUM,6.1,MEDIUM,NO,UNKNOWN,OPEN
VUL-00970,OT-00343,LOW,6.1,MEDIUM,NO,SEGMENTED,OPEN
VUL-00971,OT-00032,CRITICAL,5.1,HIGH,UNKNOWN,MONITORED,ACCEPTED
VUL-00972,OT-01782,HIGH,6.5,MEDIUM,UNKNOWN,NONE,OPEN
VUL-00973,OT-00154,LOW,8.8,MEDIUM,NO,UNKNOWN,OPEN
VUL-00974,OT-01591,LOW,8.8,HIGH,UNKNOWN,SEGMENTED,OPEN
VUL-00975,OT-01323,MEDIUM,8.6,HIGH,UNKNOWN,UNKNOWN,MITIGATED
VUL-00976,OT-00575,LOW,5.9,HIGH,UNKNOWN,MONITORED,OPEN
VUL-00977,OT-01833,CRITICAL,5.3,LOW,UNKNOWN,NONE,OPEN
VUL-00978,OT-01928,CRITICAL,4.1,HIGH,YES,NONE,OPEN
VUL-00979,OT-00741,HIGH,7.2,HIGH,NO,SEGMENTED,ACCEPTED
VUL-00980,OT-00836,HIGH,6.4,HIGH,YES,SEGMENTED,ACCEPTED
VUL-00981,OT-00777,MEDIUM,4.7,HIGH,UNKNOWN,SEGMENTED,OPEN
VUL-00982,OT-01890,HIGH,9.1,HIGH,UNKNOWN,UNKNOWN,OPEN
VUL-00983,OT-00079,HIGH,8.5,MEDIUM,UNKNOWN,ALLOWLIST,MITIGATED
VUL-00984,OT-01687,MEDIUM,6.7,MEDIUM,YES,UNKNOWN,OPEN
VUL-00985,OT-01106,HIGH,5.1,MEDIUM,YES,SEGMENTED,OPEN
VUL-00986,OT-01497,MEDIUM,6.6,HIGH,UNKNOWN,NONE,OPEN
VUL-00987,OT-01671,LOW,6.3,LOW,NO,NONE,OPEN
VUL-00988,OT-00962,CRITICAL,7.1,LOW,YES,ALLOWLIST,OPEN
VUL-00989,OT-00347,MEDIUM,4.6,MEDIUM,YES,SEGMENTED,OPEN
VUL-00990,OT-00533,CRITICAL,7.4,MEDIUM,NO,MONITORED,OPEN
VUL-00991,OT-01243,CRITICAL,5.5,HIGH,NO,MONITORED,MITIGATED
VUL-00992,OT-00164,MEDIUM,8.2,LOW,YES,NONE,OPEN
VUL-00993,OT-01513,MEDIUM,7.7,LOW,YES,MONITORED,OPEN
VUL-00994,OT-00113,LOW,4.8,HIGH,NO,UNKNOWN,OPEN
VUL-00995,OT-00734,CRITICAL,9.6,MEDIUM,UNKNOWN,MONITORED,OPEN
VUL-00996,OT-01962,CRITICAL,7.9,MEDIUM,YES,MONITORED,OPEN
VUL-00997,OT-01123,HIGH,5.1,HIGH,YES,SEGMENTED,OPEN
VUL-00998,OT-00367,CRITICAL,5.3,MEDIUM,NO,UNKNOWN,OPEN
VUL-00999,OT-00784,LOW,7.0,MEDIUM,NO,MONITORED,OPEN
VUL-01000,OT-00609,MEDIUM,6.3,HIGH,NO,SEGMENTED,OPEN
VUL-01001,OT-00678,HIGH,6.5,HIGH,YES,MONITORED,OPEN
VUL-01002,OT-00285,MEDIUM,6.9,HIGH,YES,ALLOWLIST,OPEN
VUL-01003,OT-00998,HIGH,4.1,MEDIUM,YES,UNKNOWN,OPEN
VUL-01004,OT-00805,HIGH,5.6,LOW,YES,ALLOWLIST,ACCEPTED
VUL-01005,OT-00960,CRITICAL,7.6,HIGH,YES,UNKNOWN,OPEN
VUL-01006,OT-00214,LOW,8.6,LOW,NO,ALLOWLIST,ACCEPTED
VUL-01007,OT-01722,LOW,5.3,MEDIUM,YES,UNKNOWN,OPEN
VUL-01008,OT-00383,MEDIUM,5.9,HIGH,YES,ALLOWLIST,OPEN
VUL-01009,OT-01828,CRITICAL,5.0,MEDIUM,NO,MONITORED,OPEN
VUL-01010,OT-01279,MEDIUM,6.4,LOW,UNKNOWN,ALLOWLIST,MITIGATED
VUL-01011,OT-01772,CRITICAL,5.3,LOW,UNKNOWN,SEGMENTED,MITIGATED
VUL-01012,OT-00853,CRITICAL,7.7,LOW,NO,UNKNOWN,ACCEPTED
VUL-01013,OT-01802,CRITICAL,7.5,MEDIUM,NO,MONITORED,OPEN
VUL-01014,OT-00074,MEDIUM,8.9,MEDIUM,YES,MONITORED,OPEN
VUL-01015,OT-00652,LOW,7.7,HIGH,NO,MONITORED,OPEN
VUL-01016,OT-00221,HIGH,4.7,MEDIUM,NO,ALLOWLIST,OPEN
VUL-01017,OT-00995,CRITICAL,9.5,LOW,UNKNOWN,UNKNOWN,OPEN
VUL-01018,OT-00275,LOW,8.8,LOW,YES,ALLOWLIST,OPEN
VUL-01019,OT-01690,LOW,8.4,HIGH,NO,UNKNOWN,OPEN
VUL-01020,OT-01343,HIGH,9.3,LOW,YES,ALLOWLIST,ACCEPTED
VUL-01021,OT-00371,MEDIUM,7.6,HIGH,UNKNOWN,SEGMENTED,OPEN
VUL-01022,OT-01136,CRITICAL,4.6,HIGH,UNKNOWN,MONITORED,OPEN
VUL-01023,OT-01247,CRITICAL,7.4,HIGH,YES,UNKNOWN,OPEN
VUL-01024,OT-01316,LOW,6.2,HIGH,UNKNOWN,UNKNOWN,OPEN
VUL-01025,OT-01296,CRITICAL,6.7,HIGH,YES,ALLOWLIST,OPEN
VUL-01026,OT-00558,MEDIUM,7.5,HIGH,YES,UNKNOWN,OPEN
VUL-01027,OT-00612,LOW,8.2,MEDIUM,YES,ALLOWLIST,OPEN
VUL-01028,OT-00116,MEDIUM,5.8,HIGH,YES,MONITORED,OPEN
VUL-01029,OT-01875,LOW,6.5,MEDIUM,YES,NONE,ACCEPTED
VUL-01030,OT-00781,LOW,9.3,HIGH,YES,UNKNOWN,ACCEPTED
VUL-01031,OT-01883,LOW,4.8,LOW,YES,SEGMENTED,OPEN
VUL-01032,OT-00761,HIGH,4.2,LOW,UNKNOWN,SEGMENTED,OPEN
VUL-01033,OT-01506,HIGH,9.0,HIGH,YES,NONE,OPEN
VUL-01034,OT-01860,HIGH,9.7,LOW,NO,MONITORED,OPEN
VUL-01035,OT-00945,CRITICAL,9.6,LOW,YES,NONE,ACCEPTED
VUL-01036,OT-01931,MEDIUM,9.2,HIGH,YES,UNKNOWN,OPEN
VUL-01037,OT-01539,LOW,6.4,MEDIUM,YES,SEGMENTED,OPEN
VUL-01038,OT-01161,LOW,7.1,HIGH,YES,ALLOWLIST,OPEN
VUL-01039,OT-00194,HIGH,7.9,LOW,UNKNOWN,MONITORED,OPEN
VUL-01040,OT-02008,LOW,7.6,HIGH,YES,NONE,OPEN
VUL-01041,OT-00391,HIGH,5.4,HIGH,YES,MONITORED,ACCEPTED
VUL-01042,OT-01148,CRITICAL,7.1,MEDIUM,UNKNOWN,SEGMENTED,OPEN
VUL-01043,OT-01186,CRITICAL,5.2,MEDIUM,YES,ALLOWLIST,OPEN
VUL-01044,OT-00119,MEDIUM,5.1,MEDIUM,NO,UNKNOWN,OPEN
VUL-01045,OT-01338,MEDIUM,6.2,HIGH,UNKNOWN,SEGMENTED,MITIGATED
VUL-01046,OT-00452,HIGH,7.5,LOW,YES,MONITORED,OPEN
VUL-01047,OT-00926,HIGH,7.6,LOW,YES,MONITORED,OPEN
VUL-01048,OT-00301,LOW,6.5,LOW,UNKNOWN,NONE,OPEN
VUL-01049,OT-01838,LOW,6.4,LOW,NO,ALLOWLIST,OPEN
VUL-01050,OT-00754,MEDIUM,6.1,LOW,UNKNOWN,NONE,OPEN
VUL-01051,OT-00418,HIGH,4.2,MEDIUM,YES,MONITORED,OPEN
VUL-01052,OT-01190,CRITICAL,7.3,HIGH,YES,UNKNOWN,ACCEPTED
VUL-01053,OT-00988,CRITICAL,7.6,HIGH,UNKNOWN,SEGMENTED,MITIGATED
VUL-01054,OT-01846,HIGH,7.6,LOW,UNKNOWN,MONITORED,OPEN
VUL-01055,OT-00077,HIGH,8.3,HIGH,NO,NONE,OPEN
VUL-01056,OT-01681,MEDIUM,7.3,HIGH,UNKNOWN,NONE,ACCEPTED
VUL-01057,OT-00788,HIGH,5.6,LOW,YES,SEGMENTED,OPEN
VUL-01058,OT-00973,LOW,8.0,HIGH,NO,NONE,OPEN
VUL-01059,OT-00562,LOW,6.6,HIGH,YES,MONITORED,ACCEPTED
VUL-01060,OT-00718,LOW,7.4,LOW,NO,ALLOWLIST,OPEN
VUL-01061,OT-01125,HIGH,9.8,HIGH,YES,UNKNOWN,OPEN
VUL-01062,OT-00417,HIGH,9.2,LOW,YES,ALLOWLIST,OPEN
VUL-01063,OT-00506,HIGH,7.8,MEDIUM,NO,ALLOWLIST,MITIGATED
VUL-01064,OT-01235,CRITICAL,8.9,MEDIUM,NO,MONITORED,OPEN
VUL-01065,OT-01656,MEDIUM,9.7,MEDIUM,NO,NONE,MITIGATED
VUL-01066,OT-01282,MEDIUM,8.3,MEDIUM,NO,ALLOWLIST,OPEN
VUL-01067,OT-00523,MEDIUM,8.3,MEDIUM,UNKNOWN,UNKNOWN,MITIGATED
VUL-01068,OT-01030,HIGH,9.3,MEDIUM,UNKNOWN,UNKNOWN,OPEN
VUL-01069,OT-01603,MEDIUM,5.5,MEDIUM,NO,UNKNOWN,OPEN
VUL-01070,OT-00200,HIGH,5.1,LOW,UNKNOWN,UNKNOWN,ACCEPTED
VUL-01071,OT-00080,MEDIUM,8.9,MEDIUM,UNKNOWN,UNKNOWN,ACCEPTED
VUL-01072,OT-00810,MEDIUM,6.9,HIGH,UNKNOWN,UNKNOWN,OPEN
VUL-01073,OT-01999,HIGH,5.0,MEDIUM,NO,MONITORED,OPEN
VUL-01074,OT-01661,CRITICAL,5.3,HIGH,NO,MONITORED,OPEN
VUL-01075,OT-01645,LOW,9.3,LOW,NO,MONITORED,OPEN
VUL-01076,OT-00111,LOW,4.5,MEDIUM,UNKNOWN,MONITORED,OPEN
VUL-01077,OT-01464,HIGH,4.7,LOW,NO,NONE,MITIGATED
VUL-01078,OT-00553,LOW,8.9,MEDIUM,NO,MONITORED,ACCEPTED
VUL-01079,OT-00177,HIGH,6.9,MEDIUM,UNKNOWN,ALLOWLIST,OPEN
VUL-01080,OT-00949,MEDIUM,7.5,MEDIUM,YES,NONE,OPEN
VUL-01081,OT-00865,LOW,9.6,LOW,UNKNOWN,UNKNOWN,ACCEPTED
VUL-01082,OT-00423,LOW,6.8,LOW,UNKNOWN,SEGMENTED,OPEN
VUL-01083,OT-00811,CRITICAL,8.2,MEDIUM,UNKNOWN,UNKNOWN,OPEN
VUL-01084,OT-00368,MEDIUM,4.5,LOW,NO,NONE,OPEN
VUL-01085,OT-00316,MEDIUM,5.1,HIGH,NO,SEGMENTED,OPEN
VUL-01086,OT-01403,MEDIUM,9.8,MEDIUM,UNKNOWN,UNKNOWN,OPEN
VUL-01087,OT-00703,LOW,4.8,MEDIUM,YES,MONITORED,OPEN
VUL-01088,OT-00237,LOW,4.8,MEDIUM,YES,UNKNOWN,OPEN
VUL-01089,OT-00577,HIGH,6.6,LOW,YES,NONE,OPEN
VUL-01090,OT-00062,CRITICAL,9.7,MEDIUM,UNKNOWN,MONITORED,OPEN
VUL-01091,OT-01162,LOW,6.9,HIGH,NO,UNKNOWN,OPEN
VUL-01092,OT-00023,LOW,9.0,HIGH,YES,SEGMENTED,MITIGATED
VUL-01093,OT-01720,LOW,6.2,HIGH,NO,SEGMENTED,OPEN
VUL-01094,OT-01915,LOW,6.1,HIGH,YES,MONITORED,OPEN
VUL-01095,OT-00120,CRITICAL,5.9,HIGH,NO,SEGMENTED,OPEN
VUL-01096,OT-01193,HIGH,6.1,HIGH,UNKNOWN,ALLOWLIST,OPEN
VUL-01097,OT-01469,MEDIUM,9.8,HIGH,NO,UNKNOWN,MITIGATED
VUL-01098,OT-01546,CRITICAL,4.8,LOW,YES,UNKNOWN,OPEN
VUL-01099,OT-01587,MEDIUM,8.0,MEDIUM,YES,UNKNOWN,ACCEPTED
VUL-01100,OT-00513,HIGH,5.6,HIGH,YES,UNKNOWN,OPEN
